date,sp500,nasdaq,btc,ibov
2020-01-01,,,7200.17431640625,
2020-01-02,3257.85009765625,9092.1904296875,6985.47021484375,118573.0
2020-01-03,3234.85009765625,9020.76953125,7344.88427734375,117707.0
2020-01-04,,,7410.65673828125,
2020-01-05,,,7411.3173828125,
2020-01-06,3246.280029296875,9071.4697265625,7769.21923828125,116878.0
2020-01-07,3237.179931640625,9068.580078125,8163.6923828125,116662.0
2020-01-08,3253.050048828125,9129.240234375,8079.86279296875,116247.0
2020-01-09,3274.699951171875,9203.4296875,7879.0712890625,115947.0
2020-01-10,3265.35009765625,9178.8603515625,8166.55419921875,115503.0
2020-01-11,,,8037.53759765625,
2020-01-12,,,8192.494140625,
2020-01-13,3288.1298828125,9273.9296875,8144.1943359375,117325.0
2020-01-14,3283.14990234375,9251.330078125,8827.7646484375,117632.0
2020-01-15,3289.2900390625,9258.7001953125,8807.0107421875,116414.0
2020-01-16,3316.81005859375,9357.1298828125,8723.7861328125,116704.0
2020-01-17,3329.6201171875,9388.9404296875,8929.0380859375,118478.0
2020-01-18,,,8942.80859375,
2020-01-19,,,8706.2451171875,
2020-01-20,,,8657.642578125,118862.0
2020-01-21,3320.7900390625,9370.8095703125,8745.89453125,117026.0
2020-01-22,3321.75,9383.76953125,8680.8759765625,118391.0
2020-01-23,3325.5400390625,9402.48046875,8406.515625,119528.0
2020-01-24,3295.469970703125,9314.91015625,8445.4345703125,118376.0
2020-01-25,,,8367.84765625,
2020-01-26,,,8596.830078125,
2020-01-27,3243.6298828125,9139.3095703125,8909.8193359375,114482.0
2020-01-28,3276.239990234375,9269.6796875,9358.58984375,116479.0
2020-01-29,3273.39990234375,9275.16015625,9316.6298828125,115385.0
2020-01-30,3283.659912109375,9298.9296875,9508.9931640625,115528.0
2020-01-31,3225.52001953125,9150.9404296875,9350.529296875,113761.0
2020-02-01,,,9392.875,
2020-02-02,,,9344.365234375,
2020-02-03,3248.919921875,9273.400390625,9293.521484375,114629.0
2020-02-04,3297.590087890625,9467.9697265625,9180.962890625,115557.0
2020-02-05,3334.68994140625,9508.6796875,9613.423828125,116028.0
2020-02-06,3345.780029296875,9572.150390625,9729.8017578125,115190.0
2020-02-07,3327.7099609375,9520.509765625,9795.943359375,113770.0
2020-02-08,,,9865.119140625,
2020-02-09,,,10116.673828125,
2020-02-10,3352.090087890625,9628.3896484375,9856.611328125,112570.0
2020-02-11,3357.75,9638.9404296875,10208.236328125,115371.0
2020-02-12,3379.449951171875,9725.9599609375,10326.0546875,116674.0
2020-02-13,3373.93994140625,9711.9697265625,10214.3798828125,115662.0
2020-02-14,3380.159912109375,9731.1796875,10312.1162109375,114381.0
2020-02-15,,,9889.4248046875,
2020-02-16,,,9934.43359375,
2020-02-17,,,9690.142578125,115309.0
2020-02-18,3370.2900390625,9732.740234375,10141.99609375,114977.0
2020-02-19,3386.14990234375,9817.1796875,9633.38671875,116518.0
2020-02-20,3373.22998046875,9750.9697265625,9608.4755859375,114586.0
2020-02-21,3337.75,9576.58984375,9686.44140625,113681.0
2020-02-22,,,9663.181640625,
2020-02-23,,,9924.515625,
2020-02-24,3225.889892578125,9221.2802734375,9650.1748046875,
2020-02-25,3128.2099609375,8965.6103515625,9341.705078125,
2020-02-26,3116.389892578125,8980.7802734375,8820.5224609375,105718.0
2020-02-27,2978.760009765625,8566.48046875,8784.494140625,102984.0
2020-02-28,2954.219970703125,8567.3701171875,8672.455078125,104172.0
2020-02-29,,,8599.5087890625,
2020-03-01,,,8562.4541015625,
2020-03-02,3090.22998046875,8952.169921875,8869.669921875,106625.0
2020-03-03,3003.3701171875,8684.08984375,8787.7861328125,105537.0
2020-03-04,3130.1201171875,9018.08984375,8755.24609375,107224.0
2020-03-05,3023.93994140625,8738.58984375,9078.7626953125,102233.0
2020-03-06,2972.3701171875,8575.6201171875,9122.5458984375,97997.0
2020-03-07,,,8909.9541015625,
2020-03-08,,,8108.1162109375,
2020-03-09,2746.56005859375,7950.68017578125,7923.64453125,86067.0
2020-03-10,2882.22998046875,8344.25,7909.7294921875,92214.0
2020-03-11,2741.3798828125,7952.0498046875,7911.43017578125,85171.0
2020-03-12,2480.639892578125,7201.7998046875,4970.7880859375,72583.0
2020-03-13,2711.02001953125,7874.8798828125,5563.70703125,82678.0
2020-03-14,,,5200.3662109375,
2020-03-15,,,5392.31494140625,
2020-03-16,2386.1298828125,6904.58984375,5014.47998046875,71168.0
2020-03-17,2529.18994140625,7334.77978515625,5225.62939453125,74617.0
2020-03-18,2398.10009765625,6989.83984375,5238.4384765625,66895.0
2020-03-19,2409.389892578125,7150.580078125,6191.19287109375,68332.0
2020-03-20,2304.919921875,6879.52001953125,6198.7783203125,67069.0
2020-03-21,,,6185.06640625,
2020-03-22,,,5830.2548828125,
2020-03-23,2237.39990234375,6860.669921875,6416.31494140625,63570.0
2020-03-24,2447.330078125,7417.85986328125,6734.8037109375,69729.0
2020-03-25,2475.56005859375,7384.2998046875,6681.06298828125,74956.0
2020-03-26,2630.070068359375,7797.5400390625,6716.4404296875,77710.0
2020-03-27,2541.469970703125,7502.3798828125,6469.79833984375,73429.0
2020-03-28,,,6242.19384765625,
2020-03-29,,,5922.04296875,
2020-03-30,2626.64990234375,7774.14990234375,6429.841796875,74640.0
2020-03-31,2584.590087890625,7700.10009765625,6438.64453125,73020.0
2020-04-01,2470.5,7360.580078125,6606.7763671875,70967.0
2020-04-02,2526.89990234375,7487.31005859375,6793.62451171875,72253.0
2020-04-03,2488.64990234375,7373.080078125,6733.38720703125,69538.0
2020-04-04,,,6867.52734375,
2020-04-05,,,6791.12939453125,
2020-04-06,2663.679931640625,7913.240234375,7271.78125,74073.0
2020-04-07,2659.409912109375,7887.259765625,7176.41455078125,76358.0
2020-04-08,2749.97998046875,8090.89990234375,7334.0986328125,78625.0
2020-04-09,2789.820068359375,8153.580078125,7302.08935546875,77682.0
2020-04-10,,,6865.4931640625,
2020-04-11,,,6859.0830078125,
2020-04-12,,,6971.091796875,
2020-04-13,2761.6298828125,8192.419921875,6845.03759765625,78836.0
2020-04-14,2846.06005859375,8515.740234375,6842.427734375,79918.0
2020-04-15,2783.360107421875,8393.1796875,6642.10986328125,78831.0
2020-04-16,2799.550048828125,8532.3603515625,7116.80419921875,77812.0
2020-04-17,2874.56005859375,8650.1396484375,7096.1845703125,78990.0
2020-04-18,,,7257.6650390625,
2020-04-19,,,7189.4248046875,
2020-04-20,2823.159912109375,8560.73046875,6881.95849609375,78973.0
2020-04-21,2736.56005859375,8263.23046875,6880.3232421875,
2020-04-22,2799.31005859375,8495.3798828125,7117.20751953125,80687.0
2020-04-23,2797.800048828125,8494.75,7429.724609375,79673.0
2020-04-24,2836.739990234375,8634.51953125,7550.90087890625,75331.0
2020-04-25,,,7569.93603515625,
2020-04-26,,,7679.8671875,
2020-04-27,2878.47998046875,8730.16015625,7795.60107421875,78239.0
2020-04-28,2863.389892578125,8607.73046875,7807.05859375,81312.0
2020-04-29,2939.510009765625,8914.7099609375,8801.0380859375,83171.0
2020-04-30,2912.429931640625,8889.5498046875,8658.5537109375,80506.0
2020-05-01,2830.7099609375,8604.9501953125,8864.7666015625,
2020-05-02,,,8988.5966796875,
2020-05-03,,,8897.46875,
2020-05-04,2842.739990234375,8710.7099609375,8912.654296875,78876.0
2020-05-05,2868.43994140625,8809.1201171875,9003.0703125,79471.0
2020-05-06,2848.419921875,8854.3896484375,9268.76171875,79064.0
2020-05-07,2881.18994140625,8979.66015625,9951.5185546875,78119.0
2020-05-08,2929.800048828125,9121.3203125,9842.666015625,80263.0
2020-05-09,,,9593.896484375,
2020-05-10,,,8756.4306640625,
2020-05-11,2930.18994140625,9192.33984375,8601.7958984375,79065.0
2020-05-12,2870.1201171875,9002.5498046875,8804.4775390625,77872.0
2020-05-13,2820.0,8863.169921875,9269.9873046875,77772.0
2020-05-14,2852.5,8943.7197265625,9733.7216796875,79011.0
2020-05-15,2863.699951171875,9014.5595703125,9328.197265625,77557.0
2020-05-16,,,9377.013671875,
2020-05-17,,,9670.7392578125,
2020-05-18,2953.909912109375,9234.830078125,9726.5751953125,81194.0
2020-05-19,2922.93994140625,9185.099609375,9729.0380859375,80742.0
2020-05-20,2971.610107421875,9375.7802734375,9522.9814453125,81319.0
2020-05-21,2948.510009765625,9284.8798828125,9081.76171875,83027.0
2020-05-22,2955.449951171875,9324.58984375,9182.5771484375,82173.0
2020-05-23,,,9209.287109375,
2020-05-24,,,8790.3681640625,
2020-05-25,,,8906.9345703125,85663.0
2020-05-26,2991.77001953125,9340.2197265625,8835.052734375,85469.0
2020-05-27,3036.1298828125,9412.3603515625,9181.017578125,87946.0
2020-05-28,3029.72998046875,9368.990234375,9525.7509765625,86949.0
2020-05-29,3044.31005859375,9489.8701171875,9439.1240234375,87403.0
2020-05-30,,,9700.4140625,
2020-05-31,,,9461.05859375,
2020-06-01,3055.72998046875,9552.0498046875,10167.2685546875,88620.0
2020-06-02,3080.820068359375,9608.3798828125,9529.8037109375,91046.0
2020-06-03,3122.8701171875,9682.91015625,9656.7177734375,93002.0
2020-06-04,3112.35009765625,9615.8095703125,9800.63671875,93829.0
2020-06-05,3193.929931640625,9814.080078125,9665.533203125,94637.0
2020-06-06,,,9653.6796875,
2020-06-07,,,9758.8525390625,
2020-06-08,3232.389892578125,9924.75,9771.4892578125,97645.0
2020-06-09,3207.179931640625,9953.75,9795.7001953125,96747.0
2020-06-10,3190.139892578125,10020.349609375,9870.0947265625,94686.0
2020-06-11,3002.10009765625,9492.73046875,9321.78125,
2020-06-12,3041.31005859375,9588.8095703125,9480.84375,92795.0
2020-06-13,,,9475.27734375,
2020-06-14,,,9386.7880859375,
2020-06-15,3066.590087890625,9726.01953125,9450.7021484375,92376.0
2020-06-16,3124.739990234375,9895.8701171875,9538.0244140625,93531.0
2020-06-17,3113.489990234375,9910.5302734375,9480.2548828125,95547.0
2020-06-18,3115.340087890625,9943.0498046875,9411.8408203125,96125.0
2020-06-19,3097.739990234375,9946.1201171875,9288.0185546875,96572.0
2020-06-20,,,9332.3408203125,
2020-06-21,,,9303.6298828125,
2020-06-22,3117.860107421875,10056.48046875,9648.7177734375,95336.0
2020-06-23,3131.2900390625,10131.3701171875,9629.658203125,95975.0
2020-06-24,3050.330078125,9909.169921875,9313.6103515625,94377.0
2020-06-25,3083.760009765625,10017.0,9264.8134765625,95983.0
2020-06-26,3009.050048828125,9757.2197265625,9162.91796875,93834.0
2020-06-27,,,9045.390625,
2020-06-28,,,9143.58203125,
2020-06-29,3053.239990234375,9874.150390625,9190.8544921875,95735.0
2020-06-30,3100.2900390625,10058.76953125,9137.9931640625,95056.0
2020-07-01,3115.860107421875,10154.6298828125,9228.3251953125,96203.0
2020-07-02,3130.010009765625,10207.6298828125,9123.41015625,96235.0
2020-07-03,,,9087.3037109375,96765.0
2020-07-04,,,9132.48828125,
2020-07-05,,,9073.9423828125,
2020-07-06,3179.719970703125,10433.650390625,9375.474609375,98937.0
2020-07-07,3145.320068359375,10343.8896484375,9252.27734375,97761.0
2020-07-08,3169.93994140625,10492.5,9428.3330078125,99770.0
2020-07-09,3152.050048828125,10547.75,9277.9677734375,99160.0
2020-07-10,3185.0400390625,10617.4404296875,9278.8076171875,100032.0
2020-07-11,,,9240.3466796875,
2020-07-12,,,9276.5,
2020-07-13,3155.219970703125,10390.83984375,9243.6142578125,98697.0
2020-07-14,3197.52001953125,10488.580078125,9243.2138671875,100440.0
2020-07-15,3226.56005859375,10550.490234375,9192.8369140625,101791.0
2020-07-16,3215.570068359375,10473.830078125,9132.2275390625,100553.0
2020-07-17,3224.72998046875,10503.1904296875,9151.392578125,102888.0
2020-07-18,,,9159.0400390625,
2020-07-19,,,9185.8173828125,
2020-07-20,3251.840087890625,10767.08984375,9164.2314453125,104426.0
2020-07-21,3257.300048828125,10680.3603515625,9374.8876953125,104310.0
2020-07-22,3276.02001953125,10706.1298828125,9525.36328125,104290.0
2020-07-23,3235.659912109375,10461.419921875,9581.072265625,102293.0
2020-07-24,3215.6298828125,10363.1796875,9536.892578125,102382.0
2020-07-25,,,9677.11328125,
2020-07-26,,,9905.1669921875,
2020-07-27,3239.409912109375,10536.26953125,10990.873046875,104477.0
2020-07-28,3218.43994140625,10402.08984375,10912.8232421875,104109.0
2020-07-29,3258.43994140625,10542.9404296875,11100.4677734375,105605.0
2020-07-30,3246.219970703125,10587.8095703125,11111.2138671875,105009.0
2020-07-31,3271.1201171875,10745.26953125,11323.466796875,102912.0
2020-08-01,,,11759.5927734375,
2020-08-02,,,11053.6142578125,
2020-08-03,3294.610107421875,10902.7998046875,11246.3486328125,102830.0
2020-08-04,3306.510009765625,10941.169921875,11205.892578125,101216.0
2020-08-05,3327.77001953125,10998.400390625,11747.0224609375,102802.0
2020-08-06,3349.159912109375,11108.0703125,11779.7734375,104126.0
2020-08-07,3351.280029296875,11010.98046875,11601.47265625,102776.0
2020-08-08,,,11754.0458984375,
2020-08-09,,,11675.7392578125,
2020-08-10,3360.469970703125,10968.3603515625,11878.111328125,103444.0
2020-08-11,3333.68994140625,10782.8203125,11410.525390625,102174.0
2020-08-12,3380.35009765625,11012.240234375,11584.9345703125,102118.0
2020-08-13,3373.429931640625,11042.5,11784.1376953125,100461.0
2020-08-14,3372.85009765625,11019.2998046875,11768.87109375,101353.0
2020-08-15,,,11865.6982421875,
2020-08-16,,,11892.8037109375,
2020-08-17,3381.989990234375,11129.73046875,12254.40234375,99595.0
2020-08-18,3389.780029296875,11210.83984375,11991.2333984375,102065.0
2020-08-19,3374.85009765625,11146.4599609375,11758.283203125,100854.0
2020-08-20,3385.510009765625,11264.9501953125,11878.3720703125,101468.0
2020-08-21,3397.159912109375,11311.7998046875,11592.4892578125,101521.0
2020-08-22,,,11681.8251953125,
2020-08-23,,,11664.84765625,
2020-08-24,3431.280029296875,11379.7197265625,11774.595703125,102298.0
2020-08-25,3443.6201171875,11466.4697265625,11366.134765625,102118.0
2020-08-26,3478.72998046875,11665.0595703125,11488.36328125,100627.0
2020-08-27,3484.550048828125,11625.33984375,11323.3974609375,100624.0
2020-08-28,3508.010009765625,11695.6298828125,11542.5,102143.0
2020-08-29,,,11506.865234375,
2020-08-30,,,11711.505859375,
2020-08-31,3500.31005859375,11775.4599609375,11680.8203125,99369.0
2020-09-01,3526.64990234375,11939.669921875,11970.478515625,102168.0
2020-09-02,3580.840087890625,12056.4404296875,11414.0341796875,101911.0
2020-09-03,3455.06005859375,11458.099609375,10245.296875,100721.0
2020-09-04,3426.9599609375,11313.1298828125,10511.8134765625,101242.0
2020-09-05,,,10169.5673828125,
2020-09-06,,,10280.3515625,
2020-09-07,,,10369.5634765625,
2020-09-08,3331.840087890625,10847.6904296875,10131.5166015625,100050.0
2020-09-09,3398.9599609375,11141.5595703125,10242.34765625,101292.0
2020-09-10,3339.18994140625,10919.58984375,10363.138671875,98835.0
2020-09-11,3340.969970703125,10853.5498046875,10400.9150390625,98363.0
2020-09-12,,,10442.1708984375,
2020-09-13,,,10323.755859375,
2020-09-14,3383.5400390625,11056.650390625,10680.837890625,100275.0
2020-09-15,3401.199951171875,11190.3203125,10796.951171875,100298.0
2020-09-16,3385.489990234375,11050.4697265625,10974.9052734375,99676.0
2020-09-17,3357.010009765625,10910.2802734375,10948.990234375,100098.0
2020-09-18,3319.469970703125,10793.2802734375,10944.5859375,98290.0
2020-09-19,,,11094.3466796875,
2020-09-20,,,10938.271484375,
2020-09-21,3281.06005859375,10778.7998046875,10462.259765625,96991.0
2020-09-22,3315.570068359375,10963.6396484375,10538.4599609375,97294.0
2020-09-23,3236.919921875,10632.990234375,10246.1865234375,95735.0
2020-09-24,3246.590087890625,10672.26953125,10760.06640625,97012.0
2020-09-25,3298.4599609375,10913.5595703125,10692.716796875,96999.0
2020-09-26,,,10750.7236328125,
2020-09-27,,,10775.26953125,
2020-09-28,3351.60009765625,11117.5302734375,10709.65234375,94666.0
2020-09-29,3335.469970703125,11085.25,10844.640625,93580.0
2020-09-30,3363.0,11167.509765625,10784.4912109375,94603.0
2020-10-01,3380.800048828125,11326.509765625,10619.4521484375,95479.0
2020-10-02,3348.419921875,11075.01953125,10575.974609375,94016.0
2020-10-03,,,10549.3291015625,
2020-10-04,,,10669.5830078125,
2020-10-05,3408.60009765625,11332.490234375,10793.33984375,96089.0
2020-10-06,3360.969970703125,11154.599609375,10604.40625,95615.0
2020-10-07,3419.43994140625,11364.599609375,10668.96875,95526.0
2020-10-08,3446.830078125,11420.98046875,10915.685546875,97920.0
2020-10-09,3477.139892578125,11579.9404296875,11064.4580078125,97483.0
2020-10-10,,,11296.361328125,
2020-10-11,,,11384.181640625,
2020-10-12,3534.219970703125,11876.259765625,11555.36328125,
2020-10-13,3511.929931640625,11863.900390625,11425.8994140625,98503.0
2020-10-14,3488.669921875,11768.73046875,11429.5068359375,99334.0
2020-10-15,3483.340087890625,11713.8701171875,11495.349609375,99054.0
2020-10-16,3483.81005859375,11671.5595703125,11322.123046875,98309.0
2020-10-17,,,11358.1015625,
2020-10-18,,,11483.359375,
2020-10-19,3426.919921875,11478.8798828125,11742.037109375,98658.0
2020-10-20,3443.1201171875,11516.490234375,11916.3349609375,100540.0
2020-10-21,3435.56005859375,11484.6904296875,12823.689453125,100552.0
2020-10-22,3453.489990234375,11506.009765625,12965.8916015625,101918.0
2020-10-23,3465.389892578125,11548.2802734375,12931.5390625,101260.0
2020-10-24,,,13108.0625,
2020-10-25,,,13031.173828125,
2020-10-26,3400.969970703125,11358.9404296875,13075.248046875,101017.0
2020-10-27,3390.679931640625,11431.349609375,13654.21875,99606.0
2020-10-28,3271.030029296875,11004.8701171875,13271.28515625,95369.0
2020-10-29,3310.110107421875,11185.58984375,13437.8828125,96582.0
2020-10-30,3269.9599609375,10911.58984375,13546.5224609375,93952.0
2020-10-31,,,13780.9951171875,
2020-11-01,,,13737.109375,
2020-11-02,3310.239990234375,10957.6103515625,13550.4892578125,
2020-11-03,3369.159912109375,11160.5703125,13950.30078125,95587.0
2020-11-04,3443.43994140625,11590.7802734375,14133.70703125,97811.0
2020-11-05,3510.449951171875,11890.9296875,15579.8486328125,100774.0
2020-11-06,3509.43994140625,11895.23046875,15565.880859375,100799.0
2020-11-07,,,14833.75390625,
2020-11-08,,,15479.5673828125,
2020-11-09,3550.5,11713.7802734375,15332.3154296875,103913.0
2020-11-10,3545.530029296875,11553.8603515625,15290.90234375,105351.0
2020-11-11,3572.659912109375,11786.4296875,15701.33984375,104532.0
2020-11-12,3537.010009765625,11709.58984375,16276.34375,102175.0
2020-11-13,3585.14990234375,11829.2900390625,16317.80859375,104512.0
2020-11-14,,,16068.138671875,
2020-11-15,,,15955.587890625,
2020-11-16,3626.909912109375,11924.1298828125,16716.111328125,106430.0
2020-11-17,3609.530029296875,11899.33984375,17645.40625,107229.0
2020-11-18,3567.7900390625,11801.599609375,17804.005859375,106483.0
2020-11-19,3581.8701171875,11904.7099609375,17817.08984375,106517.0
2020-11-20,3557.5400390625,11854.9697265625,18621.314453125,
2020-11-21,,,18642.232421875,
2020-11-22,,,18370.001953125,
2020-11-23,3577.590087890625,11880.6298828125,18364.12109375,107379.0
2020-11-24,3635.409912109375,12036.7900390625,19107.46484375,109786.0
2020-11-25,3629.64990234375,12094.400390625,18732.12109375,110133.0
2020-11-26,,,17150.623046875,110227.0
2020-11-27,3638.35009765625,12205.849609375,17108.40234375,110575.0
2020-11-28,,,17717.4140625,
2020-11-29,,,18177.484375,
2020-11-30,3621.6298828125,12198.740234375,19625.8359375,108888.0
2020-12-01,3662.449951171875,12355.1103515625,18802.998046875,111335.0
2020-12-02,3669.010009765625,12349.3701171875,19201.091796875,111814.0
2020-12-03,3666.719970703125,12377.1796875,19445.3984375,112919.0
2020-12-04,3699.1201171875,12464.23046875,18699.765625,113682.0
2020-12-05,,,19154.23046875,
2020-12-06,,,19345.12109375,
2020-12-07,3691.9599609375,12519.9501953125,19191.630859375,113625.0
2020-12-08,3702.25,12582.76953125,18321.14453125,113571.0
2020-12-09,3672.820068359375,12338.9501953125,18553.916015625,112722.0
2020-12-10,3668.10009765625,12405.8095703125,18264.9921875,114992.0
2020-12-11,3663.4599609375,12377.8701171875,18058.904296875,115323.0
2020-12-12,,,18803.65625,
2020-12-13,,,19142.3828125,
2020-12-14,3647.489990234375,12440.0400390625,19246.64453125,114975.0
2020-12-15,3694.6201171875,12595.0595703125,19417.076171875,116146.0
2020-12-16,3701.169921875,12658.1904296875,21310.59765625,117947.0
2020-12-17,3722.47998046875,12764.75,22805.162109375,118157.0
2020-12-18,3709.409912109375,12755.6396484375,23137.9609375,117679.0
2020-12-19,,,23869.83203125,
2020-12-20,,,23477.294921875,
2020-12-21,3694.919921875,12742.51953125,22803.08203125,116016.0
2020-12-22,3687.260009765625,12807.919921875,23783.029296875,116348.0
2020-12-23,3690.010009765625,12771.1103515625,23241.345703125,117857.0
2020-12-24,3703.06005859375,12804.73046875,23735.94921875,
2020-12-25,,,24664.791015625,
2020-12-26,,,26437.037109375,
2020-12-27,,,26272.294921875,
2020-12-28,3735.360107421875,12899.419921875,27084.80859375,119051.0
2020-12-29,3727.0400390625,12850.2197265625,27362.4375,119475.0
2020-12-30,3732.0400390625,12870.0,28840.953125,119306.0
2020-12-31,3756.070068359375,12888.2802734375,29001.720703125,
2021-01-01,,,29374.15234375,
2021-01-02,,,32127.267578125,
2021-01-03,,,32782.0234375,
2021-01-04,3700.64990234375,12698.4501953125,31971.9140625,118558.0
2021-01-05,3726.860107421875,12818.9599609375,33992.4296875,119223.0
2021-01-06,3748.139892578125,12740.7900390625,36824.36328125,119851.0
2021-01-07,3803.7900390625,13067.48046875,39371.04296875,121956.0
2021-01-08,3824.679931640625,13201.98046875,40797.609375,125077.0
2021-01-09,,,40254.546875,
2021-01-10,,,38356.44140625,
2021-01-11,3799.610107421875,13036.4296875,35566.65625,122807.0
2021-01-12,3801.18994140625,13072.4296875,33922.9609375,123998.0
2021-01-13,3809.840087890625,13128.9501953125,37316.359375,122040.0
2021-01-14,3795.5400390625,13112.6396484375,39187.328125,123481.0
2021-01-15,3768.25,12998.5,36825.3671875,120502.0
2021-01-16,,,36178.140625,
2021-01-17,,,35791.27734375,
2021-01-18,,,36630.07421875,121242.0
2021-01-19,3798.909912109375,13197.1796875,36069.8046875,120673.0
2021-01-20,3851.85009765625,13457.25,35547.75,119708.0
2021-01-21,3853.070068359375,13530.91015625,30825.69921875,118443.0
2021-01-22,3841.469970703125,13543.0595703125,33005.76171875,117172.0
2021-01-23,,,32067.642578125,
2021-01-24,,,32289.37890625,
2021-01-25,3855.360107421875,13635.990234375,32366.392578125,
2021-01-26,3849.6201171875,13626.0595703125,32569.849609375,116464.0
2021-01-27,3750.77001953125,13270.599609375,30432.546875,115882.0
2021-01-28,3787.3798828125,13337.16015625,33466.09765625,119314.0
2021-01-29,3714.239990234375,13070.6904296875,34316.38671875,116007.0
2021-01-30,,,34269.5234375,
2021-01-31,,,33114.359375,
2021-02-01,3773.860107421875,13403.3896484375,33537.17578125,117365.0
2021-02-02,3826.31005859375,13612.7802734375,35510.2890625,118234.0
2021-02-03,3830.169921875,13610.5400390625,37472.08984375,119725.0
2021-02-04,3871.739990234375,13777.740234375,36926.06640625,119261.0
2021-02-05,3886.830078125,13856.2998046875,38144.30859375,119925.0
2021-02-06,,,39266.01171875,
2021-02-07,,,38903.44140625,
2021-02-08,3915.590087890625,13987.6396484375,46196.46484375,119516.0
2021-02-09,3911.22998046875,14007.7001953125,46481.10546875,119429.0
2021-02-10,3909.8798828125,13972.5302734375,44918.18359375,118430.0
2021-02-11,3916.3798828125,14025.76953125,47909.33203125,119235.0
2021-02-12,3934.830078125,14095.4697265625,47504.8515625,119116.0
2021-02-13,,,47105.515625,
2021-02-14,,,48717.2890625,
2021-02-15,,,47945.05859375,
2021-02-16,3932.590087890625,14047.5,49199.87109375,
2021-02-17,3931.330078125,13965.490234375,52149.0078125,120391.0
2021-02-18,3913.969970703125,13865.3603515625,51679.796875,119140.0
2021-02-19,3906.7099609375,13874.4599609375,55888.1328125,118748.0
2021-02-20,,,56099.51953125,
2021-02-21,,,57539.9453125,
2021-02-22,3876.5,13533.0498046875,54207.3203125,112668.0
2021-02-23,3881.3701171875,13465.2001953125,48824.42578125,115227.0
2021-02-24,3925.429931640625,13597.9697265625,49705.33203125,115668.0
2021-02-25,3829.340087890625,13119.4296875,47093.8515625,112256.0
2021-02-26,3811.14990234375,13192.349609375,46339.76171875,110035.0
2021-02-27,,,46188.453125,
2021-02-28,,,45137.76953125,
2021-03-01,3901.820068359375,13588.830078125,49631.2421875,110335.0
2021-03-02,3870.2900390625,13358.7900390625,48378.98828125,111540.0
2021-03-03,3819.719970703125,12997.75,50538.2421875,111184.0
2021-03-04,3768.469970703125,12723.4697265625,48561.16796875,112690.0
2021-03-05,3841.93994140625,12920.150390625,48927.3046875,115202.0
2021-03-06,,,48912.3828125,
2021-03-07,,,51206.69140625,
2021-03-08,3821.35009765625,12609.16015625,52246.5234375,110612.0
2021-03-09,3875.43994140625,13073.8203125,54824.1171875,111331.0
2021-03-10,3898.81005859375,13068.830078125,56008.55078125,112776.0
2021-03-11,3939.340087890625,13398.669921875,57805.12109375,114984.0
2021-03-12,3943.340087890625,13319.8603515625,57332.08984375,114160.0
2021-03-13,,,61243.0859375,
2021-03-14,,,59302.31640625,
2021-03-15,3968.93994140625,13459.7099609375,55907.19921875,114851.0
2021-03-16,3962.7099609375,13471.5703125,56804.90234375,114019.0
2021-03-17,3974.1201171875,13525.2001953125,58870.89453125,116549.0
2021-03-18,3915.4599609375,13116.169921875,57858.921875,114835.0
2021-03-19,3913.10009765625,13215.240234375,58346.65234375,116222.0
2021-03-20,,,58313.64453125,
2021-03-21,,,57523.421875,
2021-03-22,3940.590087890625,13377.5400390625,54529.14453125,114979.0
2021-03-23,3910.52001953125,13227.7001953125,54738.9453125,113262.0
2021-03-24,3889.139892578125,12961.8896484375,52774.265625,112064.0
2021-03-25,3909.52001953125,12977.6796875,51704.16015625,113750.0
2021-03-26,3974.5400390625,13138.73046875,55137.3125,114781.0
2021-03-27,,,55973.51171875,
2021-03-28,,,55950.74609375,
2021-03-29,3971.090087890625,13059.650390625,57750.19921875,115419.0
2021-03-30,3958.550048828125,13045.3896484375,58917.69140625,116850.0
2021-03-31,3972.889892578125,13246.8701171875,58918.83203125,116634.0
2021-04-01,4019.8701171875,13480.1103515625,59095.80859375,115253.0
2021-04-02,,,59384.3125,
2021-04-03,,,57603.890625,
2021-04-04,,,58758.5546875,
2021-04-05,4077.909912109375,13705.58984375,59057.87890625,117518.0
2021-04-06,4073.93994140625,13698.3798828125,58192.359375,117499.0
2021-04-07,4079.949951171875,13688.83984375,56048.9375,117624.0
2021-04-08,4097.169921875,13829.3095703125,58323.953125,118313.0
2021-04-09,4128.7998046875,13900.1904296875,58245.00390625,117670.0
2021-04-10,,,59793.234375,
2021-04-11,,,60204.96484375,
2021-04-12,4127.990234375,13850.0,59893.453125,118812.0
2021-04-13,4141.58984375,13996.099609375,63503.45703125,119297.0
2021-04-14,4124.66015625,13857.83984375,63109.6953125,120295.0
2021-04-15,4170.419921875,14038.759765625,63314.01171875,120701.0
2021-04-16,4185.47021484375,14052.33984375,61572.7890625,121114.0
2021-04-17,,,60683.8203125,
2021-04-18,,,56216.18359375,
2021-04-19,4163.259765625,13914.76953125,55724.265625,120934.0
2021-04-20,4134.93994140625,13786.26953125,56473.03125,120062.0
2021-04-21,4173.419921875,13950.2197265625,53906.08984375,
2021-04-22,4134.97998046875,13818.41015625,51762.2734375,119371.0
2021-04-23,4180.169921875,14016.8095703125,51093.65234375,120530.0
2021-04-24,,,50050.8671875,
2021-04-25,,,49004.25390625,
2021-04-26,4187.6201171875,14138.7802734375,54021.75390625,120595.0
2021-04-27,4186.72021484375,14090.2197265625,55033.1171875,119388.0
2021-04-28,4183.18017578125,14051.0302734375,54824.703125,121053.0
2021-04-29,4211.47021484375,14082.5498046875,53555.109375,120066.0
2021-04-30,4181.169921875,13962.6796875,57750.17578125,118894.0
2021-05-01,,,57828.05078125,
2021-05-02,,,56631.078125,
2021-05-03,4192.66015625,13895.1201171875,57200.29296875,119209.0
2021-05-04,4164.66015625,13633.5,53333.5390625,117712.0
2021-05-05,4167.58984375,13582.419921875,57424.0078125,119564.0
2021-05-06,4201.6201171875,13632.83984375,56396.515625,119921.0
2021-05-07,4232.60009765625,13752.240234375,57356.40234375,122038.0
2021-05-08,,,58803.77734375,
2021-05-09,,,58232.31640625,
2021-05-10,4188.43017578125,13401.8603515625,55859.796875,121909.0
2021-05-11,4152.10009765625,13389.4296875,56704.57421875,122964.0
2021-05-12,4063.0400390625,13031.6796875,49150.53515625,119710.0
2021-05-13,4112.5,13124.990234375,49716.19140625,120706.0
2021-05-14,4173.85009765625,13429.98046875,49880.53515625,121881.0
2021-05-15,,,46760.1875,
2021-05-16,,,46456.05859375,
2021-05-17,4163.2900390625,13379.0498046875,43537.51171875,122938.0
2021-05-18,4127.830078125,13303.6396484375,42909.40234375,122980.0
2021-05-19,4115.68017578125,13299.740234375,37002.44140625,122636.0
2021-05-20,4159.1201171875,13535.740234375,40782.73828125,122701.0
2021-05-21,4155.85986328125,13470.990234375,37304.69140625,122592.0
2021-05-22,,,37536.6328125,
2021-05-23,,,34770.58203125,
2021-05-24,4197.0498046875,13661.169921875,38705.98046875,124032.0
2021-05-25,4188.1298828125,13657.169921875,38402.22265625,122988.0
2021-05-26,4195.990234375,13738.0,39294.19921875,123989.0
2021-05-27,4200.8798828125,13736.2802734375,38436.96875,124367.0
2021-05-28,4204.10986328125,13748.740234375,35697.60546875,125561.0
2021-05-29,,,34616.06640625,
2021-05-30,,,35678.12890625,
2021-05-31,,,37332.85546875,126216.0
2021-06-01,4202.0400390625,13736.48046875,36684.92578125,128267.0
2021-06-02,4208.1201171875,13756.330078125,37575.1796875,129601.0
2021-06-03,4192.85009765625,13614.509765625,39208.765625,
2021-06-04,4229.89013671875,13814.490234375,36894.40625,130126.0
2021-06-05,,,35551.95703125,
2021-06-06,,,35862.37890625,
2021-06-07,4226.52001953125,13881.7197265625,33560.70703125,130776.0
2021-06-08,4227.259765625,13924.91015625,33472.6328125,129787.0
2021-06-09,4219.5498046875,13911.75,37345.12109375,129907.0
2021-06-10,4239.18017578125,14020.330078125,36702.59765625,130076.0
2021-06-11,4247.43994140625,14069.419921875,37334.3984375,129441.0
2021-06-12,,,35552.515625,
2021-06-13,,,39097.859375,
2021-06-14,4255.14990234375,14174.1396484375,40218.4765625,130208.0
2021-06-15,4246.58984375,14072.8603515625,40406.26953125,130091.0
2021-06-16,4223.7001953125,14039.6796875,38347.0625,129259.0
2021-06-17,4221.85986328125,14161.349609375,38053.50390625,128057.0
2021-06-18,4166.4501953125,14030.3798828125,35787.24609375,128405.0
2021-06-19,,,35615.87109375,
2021-06-20,,,35698.296875,
2021-06-21,4224.7900390625,14141.48046875,31676.693359375,129265.0
2021-06-22,4246.43994140625,14253.26953125,32505.66015625,128767.0
2021-06-23,4241.83984375,14271.73046875,33723.02734375,128428.0
2021-06-24,4266.490234375,14369.7099609375,34662.4375,129514.0
2021-06-25,4280.7001953125,14360.3896484375,31637.779296875,127256.0
2021-06-26,,,32186.27734375,
2021-06-27,,,34649.64453125,
2021-06-28,4290.60986328125,14500.509765625,34434.3359375,127429.0
2021-06-29,4291.7998046875,14528.330078125,35867.77734375,127327.0
2021-06-30,4297.5,14503.9501953125,35040.8359375,126802.0
2021-07-01,4319.93994140625,14522.3798828125,33572.1171875,125666.0
2021-07-02,4352.33984375,14639.330078125,33897.046875,127622.0
2021-07-03,,,34668.546875,
2021-07-04,,,35287.78125,
2021-07-05,,,33746.00390625,126920.0
2021-07-06,4343.5400390625,14663.6396484375,34235.1953125,125095.0
2021-07-07,4358.1298828125,14665.0595703125,33855.328125,127019.0
2021-07-08,4320.81982421875,14559.7802734375,32877.37109375,125428.0
2021-07-09,4369.5498046875,14701.919921875,33798.01171875,
2021-07-10,,,33520.51953125,
2021-07-11,,,34240.1875,
2021-07-12,4384.6298828125,14733.240234375,33155.84765625,127594.0
2021-07-13,4369.2099609375,14677.650390625,32702.025390625,128168.0
2021-07-14,4374.2998046875,14644.9501953125,32822.34765625,128407.0
2021-07-15,4360.02978515625,14543.1298828125,31780.73046875,127468.0
2021-07-16,4327.16015625,14427.240234375,31421.5390625,125960.0
2021-07-17,,,31533.068359375,
2021-07-18,,,31796.810546875,
2021-07-19,4258.490234375,14274.98046875,30817.83203125,124395.0
2021-07-20,4323.06005859375,14498.8798828125,29807.34765625,125401.0
2021-07-21,4358.68994140625,14631.9501953125,32110.693359375,125929.0
2021-07-22,4367.47998046875,14684.599609375,32313.10546875,126147.0
2021-07-23,4411.7900390625,14836.990234375,33581.55078125,125053.0
2021-07-24,,,34292.4453125,
2021-07-25,,,35350.1875,
2021-07-26,4422.2998046875,14840.7099609375,37337.53515625,126004.0
2021-07-27,4401.4599609375,14660.580078125,39406.94140625,124612.0
2021-07-28,4400.64013671875,14762.580078125,39995.90625,126286.0
2021-07-29,4419.14990234375,14778.259765625,40008.421875,125675.0
2021-07-30,4395.259765625,14672.6796875,42235.546875,121801.0
2021-07-31,,,41626.1953125,
2021-08-01,,,39974.89453125,
2021-08-02,4387.16015625,14681.0703125,39201.9453125,122516.0
2021-08-03,4423.14990234375,14761.2900390625,38152.98046875,123577.0
2021-08-04,4402.66015625,14780.5302734375,39747.50390625,121801.0
2021-08-05,4429.10009765625,14895.1201171875,40869.5546875,121633.0
2021-08-06,4436.52001953125,14835.759765625,42816.5,122810.0
2021-08-07,,,44555.80078125,
2021-08-08,,,43798.1171875,
2021-08-09,4432.35009765625,14860.1796875,46365.40234375,123019.0
2021-08-10,4436.75,14788.08984375,45585.03125,122202.0
2021-08-11,4442.41015625,14765.1396484375,45593.63671875,122056.0
2021-08-12,4460.830078125,14816.259765625,44428.2890625,120701.0
2021-08-13,4468.0,14822.900390625,47793.3203125,121194.0
2021-08-14,,,47096.9453125,
2021-08-15,,,47047.00390625,
2021-08-16,4479.7099609375,14793.759765625,46004.484375,119180.0
2021-08-17,4448.080078125,14656.1796875,44695.359375,117904.0
2021-08-18,4400.27001953125,14525.91015625,44801.1875,116643.0
2021-08-19,4405.7998046875,14541.7900390625,46717.578125,117165.0
2021-08-20,4441.669921875,14714.66015625,49339.17578125,118053.0
2021-08-21,,,48905.4921875,
2021-08-22,,,49321.65234375,
2021-08-23,4479.52978515625,14942.650390625,49546.1484375,117472.0
2021-08-24,4486.22998046875,15019.7998046875,47706.1171875,120211.0
2021-08-25,4496.18994140625,15041.8603515625,48960.7890625,120818.0
2021-08-26,4470.0,14945.8095703125,46942.21875,118724.0
2021-08-27,4509.3701171875,15129.5,49058.66796875,120678.0
2021-08-28,,,48902.40234375,
2021-08-29,,,48829.83203125,
2021-08-30,4528.7900390625,15265.8896484375,47054.984375,119740.0
2021-08-31,4522.68017578125,15259.240234375,47166.6875,118781.0
2021-09-01,4524.08984375,15309.3798828125,48847.02734375,119396.0
2021-09-02,4536.9501953125,15331.1796875,49327.72265625,116677.0
2021-09-03,4535.43017578125,15363.51953125,50025.375,116933.0
2021-09-04,,,49944.625,
2021-09-05,,,51753.41015625,
2021-09-06,,,52633.53515625,117869.0
2021-09-07,4520.02978515625,15374.330078125,46811.12890625,
2021-09-08,4514.06982421875,15286.6396484375,46091.390625,113413.0
2021-09-09,4493.27978515625,15248.25,46391.421875,115361.0
2021-09-10,4458.580078125,15115.490234375,44883.91015625,114286.0
2021-09-11,,,45201.45703125,
2021-09-12,,,46063.26953125,
2021-09-13,4468.72998046875,15105.580078125,44963.07421875,116404.0
2021-09-14,4443.0498046875,15037.759765625,47092.4921875,116181.0
2021-09-15,4480.7001953125,15161.5302734375,48176.34765625,115063.0
2021-09-16,4473.75,15181.919921875,47783.359375,113794.0
2021-09-17,4432.990234375,15043.9697265625,47267.51953125,111439.0
2021-09-18,,,48278.36328125,
2021-09-19,,,47260.21875,
2021-09-20,4357.72998046875,14713.900390625,42843.80078125,108844.0
2021-09-21,4354.18994140625,14746.400390625,40693.67578125,110250.0
2021-09-22,4395.64013671875,14896.849609375,43574.5078125,112282.0
2021-09-23,4448.97998046875,15052.240234375,44895.09765625,114064.0
2021-09-24,4455.47998046875,15047.7001953125,42839.75,113283.0
2021-09-25,,,42716.59375,
2021-09-26,,,43208.5390625,
2021-09-27,4443.10986328125,14969.9697265625,42235.73046875,113583.0
2021-09-28,4352.6298828125,14546.6796875,41034.54296875,110124.0
2021-09-29,4359.4599609375,14512.4404296875,41564.36328125,111107.0
2021-09-30,4307.5400390625,14448.580078125,43790.89453125,110979.0
2021-10-01,4357.0400390625,14566.7001953125,48116.94140625,112900.0
2021-10-02,,,47711.48828125,
2021-10-03,,,48199.953125,
2021-10-04,4300.4599609375,14255.48046875,49112.90234375,110393.0
2021-10-05,4345.72021484375,14433.830078125,51514.8125,110458.0
2021-10-06,4363.5498046875,14501.91015625,55361.44921875,110560.0
2021-10-07,4399.759765625,14654.01953125,53805.984375,110585.0
2021-10-08,4391.33984375,14579.5400390625,53967.84765625,112833.0
2021-10-09,,,54968.22265625,
2021-10-10,,,54771.578125,
2021-10-11,4361.18994140625,14486.2001953125,57484.7890625,112180.0
2021-10-12,4350.64990234375,14465.919921875,56041.05859375,
2021-10-13,4363.7998046875,14571.6396484375,57401.09765625,113456.0
2021-10-14,4438.259765625,14823.4296875,57321.5234375,113185.0
2021-10-15,4471.3701171875,14897.33984375,61593.94921875,114648.0
2021-10-16,,,60892.1796875,
2021-10-17,,,61553.6171875,
2021-10-18,4486.4599609375,15021.8095703125,62026.078125,114428.0
2021-10-19,4519.6298828125,15129.08984375,64261.9921875,110673.0
2021-10-20,4536.18994140625,15121.6796875,65992.8359375,110786.0
2021-10-21,4549.77978515625,15215.7001953125,62210.171875,107735.0
2021-10-22,4544.89990234375,15090.2001953125,60692.265625,106296.0
2021-10-23,,,61393.6171875,
2021-10-24,,,60930.8359375,
2021-10-25,4566.47998046875,15226.7099609375,63039.82421875,108715.0
2021-10-26,4574.7900390625,15235.7099609375,60363.79296875,106420.0
2021-10-27,4551.68017578125,15235.83984375,58482.38671875,106363.0
2021-10-28,4596.419921875,15448.1201171875,60622.13671875,105705.0
2021-10-29,4605.3798828125,15498.3896484375,62227.96484375,103501.0
2021-10-30,,,61888.83203125,
2021-10-31,,,61318.95703125,
2021-11-01,4613.669921875,15595.919921875,61004.40625,105551.0
2021-11-02,4630.64990234375,15649.599609375,63226.40234375,
2021-11-03,4660.56982421875,15811.580078125,62970.046875,105617.0
2021-11-04,4680.06005859375,15940.3095703125,61452.23046875,103412.0
2021-11-05,4697.52978515625,15971.58984375,61125.67578125,104824.0
2021-11-06,,,61527.48046875,
2021-11-07,,,63326.98828125,
2021-11-08,4701.7001953125,15982.3603515625,67566.828125,104781.0
2021-11-09,4685.25,15886.5400390625,66971.828125,105535.0
2021-11-10,4646.7099609375,15622.7099609375,64995.23046875,105968.0
2021-11-11,4649.27001953125,15704.2802734375,64949.9609375,107725.0
2021-11-12,4682.85009765625,15860.9599609375,64155.94140625,106312.0
2021-11-13,,,64469.52734375,
2021-11-14,,,65466.83984375,
2021-11-15,4682.7998046875,15853.849609375,63557.87109375,
2021-11-16,4700.89990234375,15973.8603515625,60161.24609375,104508.0
2021-11-17,4688.669921875,15921.5703125,60368.01171875,102945.0
2021-11-18,4704.5400390625,15993.7099609375,56942.13671875,102524.0
2021-11-19,4697.9599609375,16057.4404296875,58119.578125,103035.0
2021-11-20,,,59697.1953125,
2021-11-21,,,58730.4765625,
2021-11-22,4682.93994140625,15854.759765625,56289.2890625,102122.0
2021-11-23,4690.7001953125,15775.1396484375,57569.07421875,103663.0
2021-11-24,4701.4599609375,15845.23046875,56280.42578125,104514.0
2021-11-25,,,57274.6796875,105811.0
2021-11-26,4594.6201171875,15491.66015625,53569.765625,102224.0
2021-11-27,,,54815.078125,
2021-11-28,,,57248.45703125,
2021-11-29,4655.27001953125,15782.830078125,57806.56640625,102814.0
2021-11-30,4567.0,15537.6904296875,57005.42578125,101915.0
2021-12-01,4513.0400390625,15254.0498046875,57229.828125,100775.0
2021-12-02,4577.10009765625,15381.3203125,56477.81640625,104466.0
2021-12-03,4538.43017578125,15085.4697265625,53598.24609375,105070.0
2021-12-04,,,49200.703125,
2021-12-05,,,49368.84765625,
2021-12-06,4591.669921875,15225.150390625,50582.625,106859.0
2021-12-07,4686.75,15686.919921875,50700.0859375,107558.0
2021-12-08,4701.2099609375,15786.990234375,50504.796875,108096.0
2021-12-09,4667.4501953125,15517.3701171875,47672.12109375,106291.0
2021-12-10,4712.02001953125,15630.599609375,47243.3046875,107758.0
2021-12-11,,,49362.5078125,
2021-12-12,,,50098.3359375,
2021-12-13,4668.97021484375,15413.2802734375,46737.48046875,107383.0
2021-12-14,4634.08984375,15237.6396484375,46612.6328125,106760.0
2021-12-15,4709.85009765625,15565.580078125,48896.72265625,107370.0
2021-12-16,4668.669921875,15180.4296875,47665.42578125,108212.0
2021-12-17,4620.64013671875,15169.6796875,46202.14453125,107201.0
2021-12-18,,,46848.77734375,
2021-12-19,,,46707.015625,
2021-12-20,4568.02001953125,14980.9404296875,46880.27734375,105020.0
2021-12-21,4649.22998046875,15341.08984375,48936.61328125,105500.0
2021-12-22,4696.56005859375,15521.8896484375,48628.51171875,105244.0
2021-12-23,4725.7900390625,15653.3701171875,50784.5390625,104891.0
2021-12-24,,,50822.1953125,
2021-12-25,,,50429.859375,
2021-12-26,,,50809.515625,
2021-12-27,4791.18994140625,15871.259765625,50640.41796875,105531.0
2021-12-28,4786.35009765625,15781.7197265625,47588.85546875,104864.0
2021-12-29,4793.06005859375,15766.2197265625,46444.7109375,104107.0
2021-12-30,4778.72998046875,15741.5595703125,47178.125,104822.0
2021-12-31,4766.18017578125,15644.9697265625,46306.4453125,
2022-01-01,,,47686.8125,
2022-01-02,,,47345.21875,
2022-01-03,4796.56005859375,15832.7998046875,46458.1171875,103922.0
2022-01-04,4793.5400390625,15622.7197265625,45897.57421875,103514.0
2022-01-05,4700.580078125,15100.169921875,43569.00390625,101006.0
2022-01-06,4696.0498046875,15080.8603515625,43160.9296875,101561.0
2022-01-07,4677.02978515625,14935.900390625,41557.90234375,102719.0
2022-01-08,,,41733.94140625,
2022-01-09,,,41911.6015625,
2022-01-10,4670.2900390625,14942.830078125,41821.26171875,101945.0
2022-01-11,4713.06982421875,15153.4501953125,42735.85546875,103779.0
2022-01-12,4726.35009765625,15188.3896484375,43949.1015625,105686.0
2022-01-13,4659.02978515625,14806.8095703125,42591.5703125,105530.0
2022-01-14,4662.85009765625,14893.75,43099.69921875,106928.0
2022-01-15,,,43177.3984375,
2022-01-16,,,43113.87890625,
2022-01-17,,,42250.55078125,106692.0
2022-01-18,4577.10986328125,14506.900390625,42375.6328125,106522.0
2022-01-19,4532.759765625,14340.259765625,41744.328125,108013.0
2022-01-20,4482.72998046875,14154.01953125,40680.41796875,109102.0
2022-01-21,4397.93994140625,13768.919921875,36457.31640625,108942.0
2022-01-22,,,35030.25,
2022-01-23,,,36276.8046875,
2022-01-24,4410.1298828125,13855.1298828125,36654.328125,107752.0
2022-01-25,4356.4501953125,13539.2900390625,36954.00390625,109845.0
2022-01-26,4349.93017578125,13542.1201171875,36852.12109375,111573.0
2022-01-27,4326.509765625,13352.7802734375,37138.234375,112315.0
2022-01-28,4431.85009765625,13770.5703125,37784.33203125,111478.0
2022-01-29,,,38138.1796875,
2022-01-30,,,37917.6015625,
2022-01-31,4515.5498046875,14239.8798828125,38483.125,112388.0
2022-02-01,4546.5400390625,14346.0,38743.2734375,113147.0
2022-02-02,4589.3798828125,14417.5498046875,36952.984375,112161.0
2022-02-03,4477.43994140625,13878.8203125,37154.6015625,111696.0
2022-02-04,4500.52978515625,14098.009765625,41500.875,112245.0
2022-02-05,,,41441.1640625,
2022-02-06,,,42412.43359375,
2022-02-07,4483.8701171875,14015.669921875,43840.28515625,111996.0
2022-02-08,4521.5400390625,14194.4501953125,44118.4453125,112234.0
2022-02-09,4587.18017578125,14490.3701171875,44338.796875,112461.0
2022-02-10,4504.080078125,14185.6396484375,43565.11328125,113359.0
2022-02-11,4418.64013671875,13791.150390625,42407.9375,113572.0
2022-02-12,,,42244.46875,
2022-02-13,,,42197.515625,
2022-02-14,4401.669921875,13790.919921875,42586.91796875,113807.0
2022-02-15,4471.06982421875,14139.759765625,44575.203125,114660.0
2022-02-16,4475.009765625,14124.08984375,43961.859375,115181.0
2022-02-17,4380.259765625,13716.7197265625,40538.01171875,113528.0
2022-02-18,4348.8701171875,13548.0703125,40030.9765625,112768.0
2022-02-19,,,40122.15625,
2022-02-20,,,38431.37890625,
2022-02-21,,,37075.28125,111725.0
2022-02-22,4304.759765625,13381.51953125,38286.02734375,112892.0
2022-02-23,4225.5,13037.490234375,37296.5703125,112008.0
2022-02-24,4288.7001953125,13473.58984375,38332.609375,111592.0
2022-02-25,4384.64990234375,13694.6201171875,39214.21875,113142.0
2022-02-26,,,39105.1484375,
2022-02-27,,,37709.78515625,
2022-02-28,4373.93994140625,13751.400390625,43193.234375,
2022-03-01,4306.259765625,13532.4599609375,44354.63671875,
2022-03-02,4386.5400390625,13752.01953125,43924.1171875,115174.0
2022-03-03,4363.490234375,13537.9404296875,42451.7890625,115166.0
2022-03-04,4328.8701171875,13313.4404296875,39137.60546875,114474.0
2022-03-05,,,39400.5859375,
2022-03-06,,,38419.984375,
2022-03-07,4201.08984375,12830.9599609375,38062.0390625,111593.0
2022-03-08,4170.7001953125,12795.5498046875,38737.26953125,111203.0
2022-03-09,4277.8798828125,13255.5498046875,41982.92578125,113900.0
2022-03-10,4259.52001953125,13129.9599609375,39437.4609375,113663.0
2022-03-11,4204.31005859375,12843.8095703125,38794.97265625,111713.0
2022-03-12,,,38904.01171875,
2022-03-13,,,37849.6640625,
2022-03-14,4173.10986328125,12581.2197265625,39666.75390625,109928.0
2022-03-15,4262.4501953125,12948.6201171875,39338.78515625,108959.0
2022-03-16,4357.85986328125,13436.5498046875,41143.9296875,111112.0
2022-03-17,4411.669921875,13614.7802734375,40951.37890625,113076.0
2022-03-18,4463.1201171875,13893.83984375,41801.15625,115311.0
2022-03-19,,,42190.65234375,
2022-03-20,,,41247.82421875,
2022-03-21,4461.18017578125,13838.4599609375,41077.99609375,116155.0
2022-03-22,4511.60986328125,14108.8203125,42358.80859375,117272.0
2022-03-23,4456.240234375,13922.599609375,42892.95703125,117457.0
2022-03-24,4520.16015625,14191.83984375,43960.93359375,119053.0
2022-03-25,4543.06005859375,14169.2998046875,44348.73046875,119081.0
2022-03-26,,,44500.828125,
2022-03-27,,,46820.4921875,
2022-03-28,4575.52001953125,14354.900390625,47128.00390625,118738.0
2022-03-29,4631.60009765625,14619.6396484375,47465.73046875,120014.0
2022-03-30,4602.4501953125,14442.26953125,47062.6640625,120260.0
2022-03-31,4530.41015625,14220.51953125,45538.67578125,119999.0
2022-04-01,4545.85986328125,14261.5,46281.64453125,121570.0
2022-04-02,,,45868.94921875,
2022-04-03,,,46453.56640625,
2022-04-04,4582.64013671875,14532.5498046875,46622.67578125,121280.0
2022-04-05,4525.1201171875,14204.169921875,45555.9921875,118885.0
2022-04-06,4481.14990234375,13888.8203125,43206.73828125,118228.0
2022-04-07,4500.2099609375,13897.2998046875,43503.84765625,118862.0
2022-04-08,4488.27978515625,13711.0,42287.6640625,118322.0
2022-04-09,,,42782.13671875,
2022-04-10,,,42207.671875,
2022-04-11,4412.52978515625,13411.9599609375,39521.90234375,116953.0
2022-04-12,4397.4501953125,13371.5703125,40127.18359375,116147.0
2022-04-13,4446.58984375,13643.58984375,41166.73046875,116782.0
2022-04-14,4392.58984375,13351.080078125,39935.515625,116182.0
2022-04-15,,,40553.46484375,
2022-04-16,,,40424.484375,
2022-04-17,,,39716.953125,
2022-04-18,4391.68994140625,13332.3603515625,40826.21484375,115687.0
2022-04-19,4462.2099609375,13619.66015625,41502.75,115057.0
2022-04-20,4459.4501953125,13453.0703125,41374.37890625,114344.0
2022-04-21,4393.66015625,13174.650390625,40527.36328125,
2022-04-22,4271.77978515625,12839.2900390625,39740.3203125,111078.0
2022-04-23,,,39486.73046875,
2022-04-24,,,39469.29296875,
2022-04-25,4296.1201171875,13004.849609375,40458.30859375,110685.0
2022-04-26,4175.2001953125,12490.740234375,38117.4609375,108213.0
2022-04-27,4183.9599609375,12488.9296875,39241.12109375,109349.0
2022-04-28,4287.5,12871.5302734375,39773.828125,109919.0
2022-04-29,4131.93017578125,12334.6396484375,38609.82421875,107876.0
2022-04-30,,,37714.875,
2022-05-01,,,38469.09375,
2022-05-02,4155.3798828125,12536.01953125,38529.328125,106639.0
2022-05-03,4175.47998046875,12563.759765625,37750.453125,106528.0
2022-05-04,4300.169921875,12964.8603515625,39698.37109375,108344.0
2022-05-05,4146.8701171875,12317.6904296875,36575.140625,105304.0
2022-05-06,4123.33984375,12144.66015625,36040.921875,105135.0
2022-05-07,,,35501.953125,
2022-05-08,,,34059.265625,
2022-05-09,3991.239990234375,11623.25,30296.953125,103250.0
2022-05-10,4001.050048828125,11737.669921875,31022.90625,103110.0
2022-05-11,3935.179931640625,11364.240234375,28936.35546875,104397.0
2022-05-12,3930.080078125,11370.9599609375,29047.751953125,105688.0
2022-05-13,4023.889892578125,11805.0,29283.103515625,106924.0
2022-05-14,,,30101.265625,
2022-05-15,,,31305.11328125,
2022-05-16,4008.010009765625,11662.7900390625,29862.91796875,108233.0
2022-05-17,4088.85009765625,11984.51953125,30425.857421875,108789.0
2022-05-18,3923.679931640625,11418.150390625,28720.271484375,106247.0
2022-05-19,3900.7900390625,11388.5,30314.333984375,107005.0
2022-05-20,3901.360107421875,11354.6201171875,29200.740234375,108488.0
2022-05-21,,,29432.2265625,
2022-05-22,,,30323.72265625,
2022-05-23,3973.75,11535.26953125,29098.91015625,110346.0
2022-05-24,3941.47998046875,11264.4501953125,29655.5859375,110581.0
2022-05-25,3978.72998046875,11434.740234375,29562.361328125,110580.0
2022-05-26,4057.840087890625,11740.650390625,29267.224609375,111890.0
2022-05-27,4158.240234375,12131.1298828125,28627.57421875,111942.0
2022-05-28,,,28814.900390625,
2022-05-29,,,29445.95703125,
2022-05-30,,,31726.390625,111032.0
2022-05-31,4132.14990234375,12081.3896484375,31792.310546875,111351.0
2022-06-01,4101.22998046875,11994.4599609375,29799.080078125,111360.0
2022-06-02,4176.81982421875,12316.900390625,30467.48828125,112393.0
2022-06-03,4108.5400390625,12012.73046875,29704.390625,111102.0
2022-06-04,,,29832.9140625,
2022-06-05,,,29906.662109375,
2022-06-06,4121.43017578125,12061.3701171875,31370.671875,110186.0
2022-06-07,4160.68017578125,12175.23046875,31155.478515625,110070.0
2022-06-08,4115.77001953125,12086.26953125,30214.35546875,108368.0
2022-06-09,4017.820068359375,11754.23046875,30111.998046875,107094.0
2022-06-10,3900.860107421875,11340.01953125,29083.8046875,105481.0
2022-06-11,,,28360.810546875,
2022-06-12,,,26762.6484375,
2022-06-13,3749.6298828125,10809.23046875,22487.388671875,102598.0
2022-06-14,3735.47998046875,10828.349609375,22206.79296875,102063.0
2022-06-15,3789.989990234375,11099.150390625,22572.83984375,102807.0
2022-06-16,3666.77001953125,10646.099609375,20381.650390625,
2022-06-17,3674.840087890625,10798.349609375,20471.482421875,99825.0
2022-06-18,,,19017.642578125,
2022-06-19,,,20553.271484375,
2022-06-20,,,20599.537109375,99853.0
2022-06-21,3764.7900390625,11069.2998046875,20710.59765625,99685.0
2022-06-22,3759.889892578125,11053.080078125,19987.029296875,99522.0
2022-06-23,3795.72998046875,11232.1904296875,21085.876953125,98080.0
2022-06-24,3911.739990234375,11607.6201171875,21231.65625,98672.0
2022-06-25,,,21502.337890625,
2022-06-26,,,21027.294921875,
2022-06-27,3900.110107421875,11524.5498046875,20735.478515625,100764.0
2022-06-28,3821.550048828125,11181.5400390625,20280.634765625,100591.0
2022-06-29,3818.830078125,11177.8896484375,20104.0234375,99622.0
2022-06-30,3785.3798828125,11028.740234375,19784.7265625,98542.0
2022-07-01,3825.330078125,11127.849609375,19269.3671875,98954.0
2022-07-02,,,19242.255859375,
2022-07-03,,,19297.076171875,
2022-07-04,,,20231.26171875,98609.0
2022-07-05,3831.389892578125,11322.240234375,20190.115234375,98295.0
2022-07-06,3845.080078125,11361.849609375,20548.24609375,98719.0
2022-07-07,3902.6201171875,11621.349609375,21637.587890625,100730.0
2022-07-08,3899.3798828125,11635.3095703125,21731.1171875,100289.0
2022-07-09,,,21592.20703125,
2022-07-10,,,20860.44921875,
2022-07-11,3854.429931640625,11372.599609375,19970.556640625,98212.0
2022-07-12,3818.800048828125,11264.73046875,19323.9140625,98271.0
2022-07-13,3801.780029296875,11247.580078125,20212.07421875,97881.0
2022-07-14,3790.3798828125,11251.1904296875,20569.919921875,96121.0
2022-07-15,3863.159912109375,11452.419921875,20836.328125,96551.0
2022-07-16,,,21190.31640625,
2022-07-17,,,20779.34375,
2022-07-18,3830.85009765625,11360.0498046875,22485.689453125,96916.0
2022-07-19,3936.68994140625,11713.150390625,23389.43359375,98245.0
2022-07-20,3959.89990234375,11897.650390625,23231.732421875,98287.0
2022-07-21,3998.949951171875,12059.6103515625,23164.62890625,99033.0
2022-07-22,3961.6298828125,11834.1103515625,22714.978515625,98925.0
2022-07-23,,,22465.478515625,
2022-07-24,,,22609.1640625,
2022-07-25,3966.840087890625,11782.669921875,21361.701171875,100270.0
2022-07-26,3921.050048828125,11562.5703125,21239.75390625,99772.0
2022-07-27,4023.610107421875,12032.419921875,22930.548828125,101438.0
2022-07-28,4072.429931640625,12162.58984375,23843.88671875,102597.0
2022-07-29,4130.2900390625,12390.6904296875,23804.6328125,103165.0
2022-07-30,,,23656.20703125,
2022-07-31,,,23336.896484375,
2022-08-01,4118.6298828125,12368.98046875,23314.19921875,102225.0
2022-08-02,4091.18994140625,12348.759765625,22978.1171875,103362.0
2022-08-03,4155.169921875,12668.16015625,22846.5078125,103775.0
2022-08-04,4151.93994140625,12720.580078125,22630.95703125,105892.0
2022-08-05,4145.18994140625,12657.5498046875,23289.314453125,106472.0
2022-08-06,,,22961.279296875,
2022-08-07,,,23175.890625,
2022-08-08,4140.06005859375,12644.4599609375,23809.486328125,108402.0
2022-08-09,4122.47021484375,12493.9296875,23164.318359375,108651.0
2022-08-10,4210.240234375,12854.7998046875,23947.642578125,110236.0
2022-08-11,4207.27001953125,12779.91015625,23957.529296875,109718.0
2022-08-12,4280.14990234375,13047.1904296875,24402.818359375,112764.0
2022-08-13,,,24424.068359375,
2022-08-14,,,24319.333984375,
2022-08-15,4297.14013671875,13128.0498046875,24136.97265625,113032.0
2022-08-16,4305.2001953125,13102.5498046875,23883.291015625,113512.0
2022-08-17,4274.0400390625,12938.1201171875,23335.998046875,113708.0
2022-08-18,4283.740234375,12965.33984375,23212.73828125,113813.0
2022-08-19,4228.47998046875,12705.2197265625,20877.552734375,111496.0
2022-08-20,,,21166.060546875,
2022-08-21,,,21534.12109375,
2022-08-22,4137.990234375,12381.5703125,21398.908203125,110501.0
2022-08-23,4128.72998046875,12381.2998046875,21528.087890625,112857.0
2022-08-24,4140.77001953125,12431.5302734375,21395.01953125,112898.0
2022-08-25,4199.1201171875,12639.26953125,21600.904296875,113532.0
2022-08-26,4057.659912109375,12141.7099609375,20260.01953125,112299.0
2022-08-27,,,20041.73828125,
2022-08-28,,,19616.814453125,
2022-08-29,4030.610107421875,12017.669921875,20297.994140625,112323.0
2022-08-30,3986.159912109375,11883.1396484375,19796.80859375,110431.0
2022-08-31,3955.0,11816.2001953125,20049.763671875,109523.0
2022-09-01,3966.85009765625,11785.1298828125,20127.140625,110405.0
2022-09-02,3924.260009765625,11630.8603515625,19969.771484375,110864.0
2022-09-03,,,19832.087890625,
2022-09-04,,,19986.712890625,
2022-09-05,,,19812.37109375,112203.0
2022-09-06,3908.18994140625,11544.91015625,18837.66796875,109764.0
2022-09-07,3979.8701171875,11791.900390625,19290.32421875,
2022-09-08,4006.179931640625,11862.1298828125,19329.833984375,109916.0
2022-09-09,4067.360107421875,12112.3095703125,21381.15234375,112300.0
2022-09-10,,,21680.5390625,
2022-09-11,,,21769.255859375,
2022-09-12,4110.41015625,12266.41015625,22370.44921875,113407.0
2022-09-13,3932.68994140625,11633.5703125,20296.70703125,110794.0
2022-09-14,3946.010009765625,11719.6796875,20241.08984375,110547.0
2022-09-15,3901.35009765625,11552.3603515625,19701.2109375,109954.0
2022-09-16,3873.330078125,11448.400390625,19772.583984375,109280.0
2022-09-17,,,20127.576171875,
2022-09-18,,,19419.505859375,
2022-09-19,3899.889892578125,11535.01953125,19544.12890625,111824.0
2022-09-20,3855.929931640625,11425.0498046875,18890.7890625,112517.0
2022-09-21,3789.929931640625,11220.1904296875,18547.400390625,111936.0
2022-09-22,3757.989990234375,11066.8095703125,19413.55078125,114070.0
2022-09-23,3693.22998046875,10867.9296875,19297.638671875,111716.0
2022-09-24,,,18937.01171875,
2022-09-25,,,18802.09765625,
2022-09-26,3655.0400390625,10802.919921875,19222.671875,109114.0
2022-09-27,3647.2900390625,10829.5,19110.546875,108376.0
2022-09-28,3719.0400390625,11051.6396484375,19426.720703125,108451.0
2022-09-29,3640.469970703125,10737.509765625,19573.05078125,107664.0
2022-09-30,3585.6201171875,10575.6201171875,19431.7890625,110037.0
2022-10-01,,,19312.095703125,
2022-10-02,,,19044.107421875,
2022-10-03,3678.429931640625,10815.4296875,19623.580078125,116134.0
2022-10-04,3790.929931640625,11176.41015625,20336.84375,116230.0
2022-10-05,3783.280029296875,11148.6396484375,20160.716796875,117198.0
2022-10-06,3744.52001953125,11073.3095703125,19955.443359375,117561.0
2022-10-07,3639.659912109375,10652.400390625,19546.849609375,116375.0
2022-10-08,,,19416.568359375,
2022-10-09,,,19446.42578125,
2022-10-10,3612.389892578125,10542.099609375,19141.484375,115941.0
2022-10-11,3588.840087890625,10426.1904296875,19051.41796875,114827.0
2022-10-12,3577.030029296875,10417.099609375,19157.4453125,
2022-10-13,3669.909912109375,10649.150390625,19382.904296875,114300.0
2022-10-14,3583.070068359375,10321.3896484375,19185.65625,112072.0
2022-10-15,,,19067.634765625,
2022-10-16,,,19268.09375,
2022-10-17,3677.949951171875,10675.7998046875,19550.7578125,113624.0
2022-10-18,3719.97998046875,10772.400390625,19334.416015625,115743.0
2022-10-19,3695.159912109375,10680.509765625,19139.53515625,116274.0
2022-10-20,3665.780029296875,10614.83984375,19053.740234375,117171.0
2022-10-21,3752.75,10859.7197265625,19172.46875,119929.0
2022-10-22,,,19208.189453125,
2022-10-23,,,19567.0078125,
2022-10-24,3797.340087890625,10952.6103515625,19345.572265625,116013.0
2022-10-25,3859.110107421875,11199.1201171875,20095.857421875,114626.0
2022-10-26,3830.60009765625,10970.990234375,20770.44140625,112764.0
2022-10-27,3807.300048828125,10792.669921875,20285.8359375,114641.0
2022-10-28,3901.06005859375,11102.4501953125,20595.3515625,114539.0
2022-10-29,,,20818.4765625,
2022-10-30,,,20635.603515625,
2022-10-31,3871.97998046875,10988.150390625,20495.7734375,116037.0
2022-11-01,3856.10009765625,10890.849609375,20485.2734375,116929.0
2022-11-02,3759.68994140625,10524.7998046875,20159.50390625,
2022-11-03,3719.889892578125,10342.9404296875,20209.98828125,116896.0
2022-11-04,3770.550048828125,10475.25,21147.23046875,118155.0
2022-11-05,,,21282.69140625,
2022-11-06,,,20926.486328125,
2022-11-07,3806.800048828125,10564.51953125,20602.81640625,115342.0
2022-11-08,3828.110107421875,10616.2001953125,18541.271484375,116160.0
2022-11-09,3748.570068359375,10353.169921875,15880.7802734375,113580.0
2022-11-10,3956.3701171875,11114.150390625,17586.771484375,109775.0
2022-11-11,3992.929931640625,11323.330078125,17034.29296875,112253.0
2022-11-12,,,16799.185546875,
2022-11-13,,,16353.365234375,
2022-11-14,3957.25,11196.2197265625,16618.19921875,113161.0
2022-11-15,3991.72998046875,11358.41015625,16884.61328125,
2022-11-16,3958.7900390625,11183.66015625,16669.439453125,110243.0
2022-11-17,3946.56005859375,11144.9599609375,16687.517578125,109703.0
2022-11-18,3965.340087890625,11146.0595703125,16697.77734375,108880.0
2022-11-19,,,16711.546875,
2022-11-20,,,16291.83203125,
2022-11-21,3949.93994140625,11024.509765625,15787.2841796875,109748.0
2022-11-22,4003.580078125,11174.41015625,16189.76953125,109037.0
2022-11-23,4027.260009765625,11285.3203125,16610.70703125,108683.0
2022-11-24,,,16604.46484375,111831.0
2022-11-25,4026.1201171875,11226.3603515625,16521.841796875,108977.0
2022-11-26,,,16464.28125,
2022-11-27,,,16444.626953125,
2022-11-28,3963.93994140625,11049.5,16217.322265625,108782.0
2022-11-29,3957.6298828125,10983.7802734375,16444.982421875,110910.0
2022-11-30,4080.110107421875,11468.0,17168.56640625,112486.0
2022-12-01,4076.570068359375,11482.4501953125,16967.1328125,110926.0
2022-12-02,4071.699951171875,11461.5,17088.66015625,111924.0
2022-12-03,,,16908.236328125,
2022-12-04,,,17130.486328125,
2022-12-05,3998.840087890625,11239.9404296875,16974.826171875,109401.0
2022-12-06,3941.260009765625,11014.8896484375,17089.50390625,109533.0
2022-12-07,3933.919921875,10958.5498046875,16848.126953125,109361.0
2022-12-08,3963.510009765625,11082.0,17233.474609375,107245.0
2022-12-09,3934.3798828125,11004.6201171875,17133.15234375,107689.0
2022-12-10,,,17128.724609375,
2022-12-11,,,17104.193359375,
2022-12-12,3990.56005859375,11143.740234375,17206.4375,105264.0
2022-12-13,4019.64990234375,11256.8095703125,17781.318359375,103892.0
2022-12-14,3995.320068359375,11170.8896484375,17815.650390625,103803.0
2022-12-15,3895.75,10810.5302734375,17364.865234375,103738.0
2022-12-16,3852.360107421875,10705.41015625,16647.484375,102825.0
2022-12-17,,,16795.091796875,
2022-12-18,,,16757.9765625,
2022-12-19,3817.659912109375,10546.0302734375,16439.6796875,104530.0
2022-12-20,3821.6201171875,10547.1103515625,16906.3046875,106979.0
2022-12-21,3878.43994140625,10709.3701171875,16817.53515625,107313.0
2022-12-22,3822.389892578125,10476.1201171875,16830.341796875,107317.0
2022-12-23,3844.820068359375,10497.8603515625,16796.953125,109698.0
2022-12-24,,,16847.755859375,
2022-12-25,,,16841.986328125,
2022-12-26,,,16919.8046875,108738.0
2022-12-27,3829.25,10353.23046875,16717.173828125,108347.0
2022-12-28,3783.219970703125,10213.2900390625,16552.572265625,110237.0
2022-12-29,3849.280029296875,10478.08984375,16642.341796875,110031.0
2022-12-30,3839.5,10466.48046875,16602.5859375,
2022-12-31,,,16547.49609375,
2023-01-01,,,16625.080078125,
2023-01-02,,,16688.470703125,106376.0
2023-01-03,3824.139892578125,10386.98046875,16679.857421875,104166.0
2023-01-04,3852.969970703125,10458.759765625,16863.23828125,105334.0
2023-01-05,3808.10009765625,10305.240234375,16836.736328125,107518.0
2023-01-06,3895.080078125,10569.2900390625,16951.96875,108836.0
2023-01-07,,,16955.078125,
2023-01-08,,,17091.14453125,
2023-01-09,3892.090087890625,10635.650390625,17196.5546875,109227.0
2023-01-10,3919.25,10742.6298828125,17446.29296875,110912.0
2023-01-11,3969.610107421875,10931.669921875,17934.896484375,111763.0
2023-01-12,3983.169921875,11001.099609375,18869.587890625,111877.0
2023-01-13,3999.090087890625,11079.16015625,19909.57421875,110916.0
2023-01-14,,,20976.298828125,
2023-01-15,,,20880.798828125,
2023-01-16,,,21169.6328125,109213.0
2023-01-17,3990.969970703125,11095.1103515625,21161.51953125,111439.0
2023-01-18,3928.860107421875,10957.009765625,20688.78125,112452.0
2023-01-19,3898.85009765625,10852.26953125,21086.79296875,113006.0
2023-01-20,3972.610107421875,11140.4296875,22676.552734375,112301.0
2023-01-21,,,22777.625,
2023-01-22,,,22720.416015625,
2023-01-23,4019.81005859375,11364.41015625,22934.431640625,111709.0
2023-01-24,4016.949951171875,11334.26953125,22636.46875,113028.0
2023-01-25,4016.219970703125,11313.3603515625,23117.859375,114195.0
2023-01-26,4060.429931640625,11512.41015625,23032.77734375,114109.0
2023-01-27,4070.56005859375,11621.7099609375,23078.728515625,112502.0
2023-01-28,,,23031.08984375,
2023-01-29,,,23774.56640625,
2023-01-30,4017.77001953125,11393.8095703125,22840.138671875,111888.0
2023-01-31,4076.60009765625,11584.5498046875,23139.283203125,113532.0
2023-02-01,4119.2099609375,11816.3203125,23723.76953125,112303.0
2023-02-02,4179.759765625,12200.8203125,23471.87109375,109935.0
2023-02-03,4136.47998046875,12006.9501953125,23449.322265625,108490.0
2023-02-04,,,23331.84765625,
2023-02-05,,,22955.666015625,
2023-02-06,4111.080078125,11887.4501953125,22760.109375,108456.0
2023-02-07,4164.0,12113.7900390625,23264.291015625,107920.0
2023-02-08,4117.85986328125,11910.51953125,22939.3984375,109882.0
2023-02-09,4081.5,11789.580078125,21819.0390625,107783.0
2023-02-10,4090.4599609375,11718.1201171875,21651.18359375,108150.0
2023-02-11,,,21870.875,
2023-02-12,,,21788.203125,
2023-02-13,4137.2900390625,11891.7900390625,21808.1015625,108846.0
2023-02-14,4136.1298828125,11960.150390625,22220.8046875,107659.0
2023-02-15,4147.60009765625,12070.58984375,24307.841796875,109442.0
2023-02-16,4090.409912109375,11855.830078125,23623.474609375,109905.0
2023-02-17,4079.090087890625,11787.26953125,24565.6015625,109303.0
2023-02-18,,,24641.27734375,
2023-02-19,,,24327.642578125,
2023-02-20,,,24829.1484375,
2023-02-21,3997.340087890625,11492.2998046875,24436.353515625,
2023-02-22,3991.050048828125,11507.0703125,24188.84375,107152.0
2023-02-23,4012.320068359375,11590.400390625,23947.4921875,107720.0
2023-02-24,3970.0400390625,11394.9404296875,23198.126953125,105873.0
2023-02-25,,,23175.375,
2023-02-26,,,23561.212890625,
2023-02-27,3982.239990234375,11466.98046875,23522.87109375,105711.0
2023-02-28,3970.14990234375,11455.5400390625,23147.353515625,104932.0
2023-03-01,3951.389892578125,11379.48046875,23646.55078125,104385.0
2023-03-02,3981.35009765625,11462.98046875,23475.466796875,103326.0
2023-03-03,4045.639892578125,11689.009765625,22362.6796875,103866.0
2023-03-04,,,22353.349609375,
2023-03-05,,,22435.513671875,
2023-03-06,4048.419921875,11675.740234375,22429.7578125,104700.0
2023-03-07,3986.3701171875,11530.330078125,22219.76953125,104228.0
2023-03-08,3992.010009765625,11576.0,21718.080078125,106540.0
2023-03-09,3918.320068359375,11338.349609375,20363.021484375,105071.0
2023-03-10,3861.590087890625,11138.8896484375,20187.244140625,103618.0
2023-03-11,,,20632.41015625,
2023-03-12,,,22163.94921875,
2023-03-13,3855.760009765625,11188.83984375,24197.533203125,103121.0
2023-03-14,3919.2900390625,11428.150390625,24746.07421875,102932.0
2023-03-15,3891.929931640625,11434.0498046875,24375.9609375,102675.0
2023-03-16,3960.280029296875,11717.2802734375,25052.7890625,103435.0
2023-03-17,3916.639892578125,11630.509765625,27423.9296875,101982.0
2023-03-18,,,26965.87890625,
2023-03-19,,,28038.67578125,
2023-03-20,3951.570068359375,11675.5400390625,27767.236328125,100923.0
2023-03-21,4002.8701171875,11860.1103515625,28175.81640625,100998.0
2023-03-22,3936.969970703125,11669.9599609375,27307.4375,100221.0
2023-03-23,3948.719970703125,11787.400390625,28333.97265625,97926.0
2023-03-24,3970.989990234375,11823.9599609375,27493.28515625,98829.0
2023-03-25,,,27494.70703125,
2023-03-26,,,27994.330078125,
2023-03-27,3977.530029296875,11768.83984375,27139.888671875,99670.0
2023-03-28,3971.27001953125,11716.080078125,27268.130859375,101185.0
2023-03-29,4027.81005859375,11926.240234375,28348.44140625,101793.0
2023-03-30,4050.830078125,12013.4697265625,28033.5625,103713.0
2023-03-31,4109.31005859375,12221.91015625,28478.484375,101882.0
2023-04-01,,,28411.03515625,
2023-04-02,,,28199.30859375,
2023-04-03,4124.509765625,12189.4501953125,27790.220703125,101506.0
2023-04-04,4100.60009765625,12126.330078125,28168.08984375,101869.0
2023-04-05,4090.3798828125,11996.8603515625,28177.984375,100978.0
2023-04-06,4105.02001953125,12087.9599609375,28044.140625,100822.0
2023-04-07,,,27925.859375,
2023-04-08,,,27947.794921875,
2023-04-09,,,28333.05078125,
2023-04-10,4109.10986328125,12084.3603515625,29652.98046875,101847.0
2023-04-11,4108.93994140625,12031.8798828125,30235.05859375,106214.0
2023-04-12,4091.949951171875,11929.33984375,30139.052734375,106890.0
2023-04-13,4146.22021484375,12166.26953125,30399.06640625,106458.0
2023-04-14,4137.64013671875,12123.4697265625,30485.69921875,106279.0
2023-04-15,,,30318.49609375,
2023-04-16,,,30315.35546875,
2023-04-17,4151.31982421875,12157.7197265625,29445.044921875,106016.0
2023-04-18,4154.8701171875,12153.41015625,30397.552734375,106163.0
2023-04-19,4154.52001953125,12157.23046875,28822.6796875,103913.0
2023-04-20,4129.7900390625,12059.5595703125,28245.98828125,104367.0
2023-04-21,4133.52001953125,12072.4599609375,27276.91015625,
2023-04-22,,,27817.5,
2023-04-23,,,27591.384765625,
2023-04-24,4137.0400390625,12037.2001953125,27525.33984375,103947.0
2023-04-25,4071.6298828125,11799.16015625,28307.59765625,103220.0
2023-04-26,4055.989990234375,11854.349609375,28422.701171875,102312.0
2023-04-27,4135.35009765625,12142.240234375,29473.787109375,102923.0
2023-04-28,4169.47998046875,12226.580078125,29340.26171875,104432.0
2023-04-29,,,29248.48828125,
2023-04-30,,,29268.806640625,
2023-05-01,4167.8701171875,12212.599609375,28091.568359375,
2023-05-02,4119.580078125,12080.509765625,28680.537109375,101927.0
2023-05-03,4090.75,12025.330078125,29006.30859375,101797.0
2023-05-04,4061.219970703125,11966.400390625,28847.7109375,102174.0
2023-05-05,4136.25,12235.41015625,29534.384765625,105148.0
2023-05-06,,,28904.623046875,
2023-05-07,,,28454.978515625,
2023-05-08,4138.1201171875,12256.919921875,27694.2734375,106042.0
2023-05-09,4119.169921875,12179.5498046875,27658.775390625,107114.0
2023-05-10,4137.64013671875,12306.4404296875,27621.755859375,107448.0
2023-05-11,4130.6201171875,12328.509765625,27000.7890625,108256.0
2023-05-12,4124.080078125,12284.740234375,26804.990234375,108464.0
2023-05-13,,,26784.078125,
2023-05-14,,,26930.638671875,
2023-05-15,4136.27978515625,12365.2099609375,27192.693359375,109029.0
2023-05-16,4109.89990234375,12343.0498046875,27036.650390625,108194.0
2023-05-17,4158.77001953125,12500.5703125,27398.802734375,109460.0
2023-05-18,4198.0498046875,12688.83984375,26832.208984375,110108.0
2023-05-19,4191.97998046875,12657.900390625,26890.12890625,110745.0
2023-05-20,,,27129.5859375,
2023-05-21,,,26753.826171875,
2023-05-22,4192.6298828125,12720.7802734375,26851.27734375,110213.0
2023-05-23,4145.580078125,12560.25,27225.7265625,109929.0
2023-05-24,4115.240234375,12484.16015625,26334.818359375,108800.0
2023-05-25,4151.27978515625,12698.08984375,26476.20703125,110054.0
2023-05-26,4205.4501953125,12975.6904296875,26719.291015625,110906.0
2023-05-27,,,26868.353515625,
2023-05-28,,,28085.646484375,
2023-05-29,,,27745.884765625,110333.0
2023-05-30,4205.52001953125,13017.4296875,27702.349609375,108967.0
2023-05-31,4179.830078125,12935.2900390625,27219.658203125,108335.0
2023-06-01,4221.02001953125,13100.98046875,26819.97265625,110565.0
2023-06-02,4282.3701171875,13240.76953125,27249.58984375,112558.0
2023-06-03,,,27075.12890625,
2023-06-04,,,27119.06640625,
2023-06-05,4273.7900390625,13229.4296875,25760.09765625,112696.0
2023-06-06,4283.85009765625,13276.419921875,27238.783203125,114610.0
2023-06-07,4267.52001953125,13104.900390625,26345.998046875,115488.0
2023-06-08,4293.93017578125,13238.51953125,26508.216796875,
2023-06-09,4298.85986328125,13259.1396484375,26480.375,117019.0
2023-06-10,,,25851.240234375,
2023-06-11,,,25940.16796875,
2023-06-12,4338.93017578125,13461.919921875,25902.5,117336.0
2023-06-13,4369.009765625,13573.3203125,25918.728515625,116743.0
2023-06-14,4372.58984375,13626.48046875,25124.67578125,119069.0
2023-06-15,4425.83984375,13782.8203125,25576.39453125,119221.0
2023-06-16,4409.58984375,13689.5703125,26327.462890625,118758.0
2023-06-17,,,26510.67578125,
2023-06-18,,,26336.212890625,
2023-06-19,,,26851.029296875,119858.0
2023-06-20,4388.7099609375,13667.2900390625,28327.48828125,119622.0
2023-06-21,4365.68994140625,13502.2001953125,30027.296875,120420.0
2023-06-22,4381.89013671875,13630.6103515625,29912.28125,118934.0
2023-06-23,4348.330078125,13492.51953125,30695.46875,118977.0
2023-06-24,,,30548.6953125,
2023-06-25,,,30480.26171875,
2023-06-26,4328.81982421875,13335.7802734375,30271.130859375,118243.0
2023-06-27,4378.41015625,13555.669921875,30688.1640625,117523.0
2023-06-28,4376.85986328125,13591.75,30086.24609375,116681.0
2023-06-29,4396.43994140625,13591.330078125,30445.3515625,118383.0
2023-06-30,4450.3798828125,13787.919921875,30477.251953125,118087.0
2023-07-01,,,30590.078125,
2023-07-02,,,30620.76953125,
2023-07-03,4455.58984375,13816.76953125,31156.439453125,119673.0
2023-07-04,,,30777.58203125,119076.0
2023-07-05,4446.81982421875,13791.650390625,30514.166015625,119549.0
2023-07-06,4411.58984375,13679.0400390625,29909.337890625,117426.0
2023-07-07,4398.9501953125,13660.7197265625,30342.265625,118898.0
2023-07-08,,,30292.541015625,
2023-07-09,,,30171.234375,
2023-07-10,4409.52978515625,13685.48046875,30414.470703125,117942.0
2023-07-11,4439.259765625,13760.7001953125,30620.951171875,117220.0
2023-07-12,4472.16015625,13918.9599609375,30391.646484375,117666.0
2023-07-13,4510.0400390625,14138.5703125,31476.048828125,119264.0
2023-07-14,4505.419921875,14113.7001953125,30334.068359375,117711.0
2023-07-15,,,30295.806640625,
2023-07-16,,,30249.1328125,
2023-07-17,4522.7900390625,14244.9501953125,30145.888671875,118219.0
2023-07-18,4554.97998046875,14353.6396484375,29856.5625,117841.0
2023-07-19,4565.72021484375,14358.01953125,29913.923828125,117552.0
2023-07-20,4534.8701171875,14063.3095703125,29792.015625,118083.0
2023-07-21,4536.33984375,14032.8095703125,29908.744140625,120217.0
2023-07-22,,,29771.802734375,
2023-07-23,,,30084.5390625,
2023-07-24,4554.64013671875,14058.8701171875,29176.916015625,121342.0
2023-07-25,4567.4599609375,14144.5595703125,29227.390625,122008.0
2023-07-26,4566.75,14127.2802734375,29354.97265625,122560.0
2023-07-27,4537.41015625,14050.1103515625,29210.689453125,119990.0
2023-07-28,4582.22998046875,14316.66015625,29319.24609375,120187.0
2023-07-29,,,29356.91796875,
2023-07-30,,,29275.30859375,
2023-07-31,4588.9599609375,14346.01953125,29230.111328125,121943.0
2023-08-01,4576.72998046875,14283.91015625,29675.732421875,121248.0
2023-08-02,4513.39013671875,13973.4501953125,29151.958984375,120859.0
2023-08-03,4501.89013671875,13959.7197265625,29178.6796875,120586.0
2023-08-04,4478.02978515625,13909.240234375,29074.091796875,119508.0
2023-08-05,,,29042.126953125,
2023-08-06,,,29041.85546875,
2023-08-07,4518.43994140625,13994.400390625,29180.578125,119380.0
2023-08-08,4499.3798828125,13884.3203125,29765.4921875,119090.0
2023-08-09,4467.7099609375,13722.01953125,29561.494140625,118409.0
2023-08-10,4468.830078125,13737.990234375,29429.591796875,118350.0
2023-08-11,4464.0498046875,13644.849609375,29397.71484375,118065.0
2023-08-12,,,29415.96484375,
2023-08-13,,,29282.9140625,
2023-08-14,4489.72021484375,13788.330078125,29408.443359375,116810.0
2023-08-15,4437.85986328125,13631.0498046875,29170.34765625,116171.0
2023-08-16,4404.330078125,13474.6298828125,28701.779296875,115592.0
2023-08-17,4370.35986328125,13316.9296875,26664.55078125,114982.0
2023-08-18,4369.7099609375,13290.7802734375,26049.556640625,115409.0
2023-08-19,,,26096.205078125,
2023-08-20,,,26189.583984375,
2023-08-21,4399.77001953125,13497.58984375,26124.140625,114429.0
2023-08-22,4387.5498046875,13505.8701171875,26031.65625,116156.0
2023-08-23,4436.009765625,13721.0302734375,26431.640625,118135.0
2023-08-24,4376.31005859375,13463.9697265625,26162.373046875,117026.0
2023-08-25,4405.7099609375,13590.650390625,26047.66796875,115837.0
2023-08-26,,,26008.462890625,
2023-08-27,,,26089.693359375,
2023-08-28,4433.31005859375,13705.1298828125,26106.150390625,117121.0
2023-08-29,4497.6298828125,13943.759765625,27727.392578125,118404.0
2023-08-30,4514.8701171875,14019.3095703125,27297.265625,117535.0
2023-08-31,4507.66015625,14034.9697265625,25931.47265625,115742.0
2023-09-01,4515.77001953125,14031.8095703125,25800.724609375,117893.0
2023-09-02,,,25868.798828125,
2023-09-03,,,25969.56640625,
2023-09-04,,,25812.416015625,117777.0
2023-09-05,4496.830078125,14020.9501953125,25779.982421875,117331.0
2023-09-06,4465.47998046875,13872.4697265625,25753.236328125,115985.0
2023-09-07,4451.14013671875,13748.830078125,26240.1953125,
2023-09-08,4457.490234375,13761.5302734375,25905.654296875,115313.0
2023-09-09,,,25895.677734375,
2023-09-10,,,25832.2265625,
2023-09-11,4487.4599609375,13917.8896484375,25162.654296875,116883.0
2023-09-12,4461.89990234375,13773.6103515625,25833.34375,117968.0
2023-09-13,4467.43994140625,13813.58984375,26228.32421875,118176.0
2023-09-14,4505.10009765625,13926.0498046875,26539.673828125,119392.0
2023-09-15,4450.31982421875,13708.330078125,26608.693359375,118758.0
2023-09-16,,,26568.28125,
2023-09-17,,,26534.1875,
2023-09-18,4453.52978515625,13710.240234375,26754.28125,118288.0
2023-09-19,4443.9501953125,13678.1904296875,27211.1171875,117846.0
2023-09-20,4402.2001953125,13469.1298828125,27132.0078125,118695.0
2023-09-21,4330.0,13223.98046875,26567.6328125,116145.0
2023-09-22,4320.06005859375,13211.8095703125,26579.568359375,116009.0
2023-09-23,,,26579.390625,
2023-09-24,,,26256.826171875,
2023-09-25,4337.43994140625,13271.3203125,26298.48046875,115925.0
2023-09-26,4273.52978515625,13063.6103515625,26217.25,114193.0
2023-09-27,4274.509765625,13092.849609375,26352.716796875,114327.0
2023-09-28,4299.7001953125,13201.2802734375,27021.546875,115731.0
2023-09-29,4288.0498046875,13219.3203125,26911.720703125,116565.0
2023-09-30,,,26967.916015625,
2023-10-01,,,27983.75,
2023-10-02,4288.39013671875,13307.76953125,27530.78515625,115057.0
2023-10-03,4229.4501953125,13059.4697265625,27429.978515625,113419.0
2023-10-04,4263.75,13236.009765625,27799.39453125,113607.0
2023-10-05,4258.18994140625,13219.830078125,27415.912109375,113284.0
2023-10-06,4308.5,13431.33984375,27946.59765625,114170.0
2023-10-07,,,27968.83984375,
2023-10-08,,,27935.08984375,
2023-10-09,4335.66015625,13484.240234375,27583.677734375,115156.0
2023-10-10,4358.240234375,13562.83984375,27391.01953125,116737.0
2023-10-11,4376.9501953125,13659.6796875,26873.3203125,117051.0
2023-10-12,4349.60986328125,13574.2197265625,26756.798828125,
2023-10-13,4327.77978515625,13407.23046875,26862.375,115754.0
2023-10-14,,,26861.70703125,
2023-10-15,,,27159.65234375,
2023-10-16,4373.6298828125,13567.98046875,28519.466796875,116534.0
2023-10-17,4373.2001953125,13533.75,28415.748046875,115908.0
2023-10-18,4314.60009765625,13314.2998046875,28328.341796875,114060.0
2023-10-19,4278.0,13186.1796875,28719.806640625,114004.0
2023-10-20,4224.16015625,12983.8095703125,29682.94921875,113155.0
2023-10-21,,,29918.412109375,
2023-10-22,,,29993.896484375,
2023-10-23,4217.0400390625,13018.330078125,33086.234375,112785.0
2023-10-24,4247.68017578125,13139.8701171875,33901.52734375,113762.0
2023-10-25,4186.77001953125,12821.2197265625,34502.8203125,112830.0
2023-10-26,4137.22998046875,12595.6103515625,34156.6484375,114777.0
2023-10-27,4117.3701171875,12643.009765625,33909.80078125,113301.0
2023-10-28,,,34089.57421875,
2023-10-29,,,34538.48046875,
2023-10-30,4166.81982421875,12789.48046875,34502.36328125,112532.0
2023-10-31,4193.7998046875,12851.240234375,34667.78125,113144.0
2023-11-01,4237.85986328125,13061.4697265625,35437.25390625,115053.0
2023-11-02,4317.77978515625,13294.1904296875,34938.2421875,
2023-11-03,4358.33984375,13478.2802734375,34732.32421875,118160.0
2023-11-04,,,35082.1953125,
2023-11-05,,,35049.35546875,
2023-11-06,4365.97998046875,13518.7802734375,35037.37109375,118487.0
2023-11-07,4378.3798828125,13639.8603515625,35443.5625,119268.0
2023-11-08,4382.77978515625,13650.41015625,35655.27734375,119099.0
2023-11-09,4347.35009765625,13521.4501953125,36693.125,119012.0
2023-11-10,4415.240234375,13798.1103515625,37313.96875,120636.0
2023-11-11,,,37138.05078125,
2023-11-12,,,37054.51953125,
2023-11-13,4411.5498046875,13767.740234375,36502.35546875,120376.0
2023-11-14,4495.7001953125,14094.3798828125,35537.640625,123328.0
2023-11-15,4502.8798828125,14103.83984375,37880.58203125,
2023-11-16,4508.240234375,14113.669921875,36154.76953125,124576.0
2023-11-17,4514.02001953125,14125.48046875,36596.68359375,125062.0
2023-11-18,,,36585.703125,
2023-11-19,,,37386.546875,
2023-11-20,4547.3798828125,14284.5302734375,37476.95703125,126095.0
2023-11-21,4538.18994140625,14199.98046875,35813.8125,125607.0
2023-11-22,4556.6201171875,14265.8603515625,37432.33984375,126035.0
2023-11-23,,,37289.62109375,126576.0
2023-11-24,4559.33984375,14250.849609375,37720.28125,125542.0
2023-11-25,,,37796.79296875,
2023-11-26,,,37479.12109375,
2023-11-27,4550.43017578125,14241.01953125,37254.16796875,125683.0
2023-11-28,4554.89013671875,14281.759765625,37831.0859375,126538.0
2023-11-29,4550.580078125,14258.490234375,37858.4921875,126101.0
2023-11-30,4567.7998046875,14226.2197265625,37712.74609375,127331.0
2023-12-01,4594.6298828125,14305.0302734375,38688.75,128103.0
2023-12-02,,,39476.33203125,
2023-12-03,,,39978.390625,
2023-12-04,4569.77978515625,14185.490234375,41980.09765625,126803.0
2023-12-05,4567.18017578125,14229.91015625,44080.6484375,126903.0
2023-12-06,4549.33984375,14146.7099609375,43746.4453125,125623.0
2023-12-07,4585.58984375,14339.990234375,43292.6640625,126010.0
2023-12-08,4604.3701171875,14403.9697265625,44166.6015625,127094.0
2023-12-09,,,43725.984375,
2023-12-10,,,43779.69921875,
2023-12-11,4622.43994140625,14432.490234375,41243.83203125,126916.0
2023-12-12,4643.7001953125,14533.400390625,41450.22265625,126403.0
2023-12-13,4707.08984375,14733.9599609375,42890.7421875,129465.0
2023-12-14,4719.5498046875,14761.5595703125,43023.97265625,130842.0
2023-12-15,4719.18994140625,14813.919921875,41929.7578125,130197.0
2023-12-16,,,42240.1171875,
2023-12-17,,,41364.6640625,
2023-12-18,4740.56005859375,14904.8095703125,42623.5390625,131084.0
2023-12-19,4768.3701171875,15003.2197265625,42270.52734375,131851.0
2023-12-20,4698.35009765625,14777.9404296875,43652.25,130804.0
2023-12-21,4746.75,14963.8701171875,43869.15234375,132182.0
2023-12-22,4754.6298828125,14992.9697265625,43997.90234375,132753.0
2023-12-23,,,43739.54296875,
2023-12-24,,,43016.1171875,
2023-12-25,,,43613.140625,
2023-12-26,4774.75,15074.5703125,42520.40234375,133533.0
2023-12-27,4781.580078125,15099.1796875,43442.85546875,134194.0
2023-12-28,4783.35009765625,15095.1396484375,42627.85546875,134185.0
2023-12-29,4769.830078125,15011.349609375,42099.40234375,
2023-12-30,,,42156.90234375,
2023-12-31,,,42265.1875,
2024-01-01,,,44167.33203125,
2024-01-02,4742.830078125,14765.9404296875,44957.96875,132697.0
2024-01-03,4704.81005859375,14592.2099609375,42848.17578125,132834.0
2024-01-04,4688.68017578125,14510.2998046875,44179.921875,131226.0
2024-01-05,4697.240234375,14524.0703125,44162.69140625,132023.0
2024-01-06,,,43989.1953125,
2024-01-07,,,43943.09765625,
2024-01-08,4763.5400390625,14843.76953125,46970.50390625,132427.0
2024-01-09,4756.5,14857.7099609375,46139.73046875,131447.0
2024-01-10,4783.4501953125,14969.650390625,46627.77734375,130841.0
2024-01-11,4780.240234375,14970.1904296875,46368.5859375,130649.0
2024-01-12,4783.830078125,14972.759765625,42853.16796875,130988.0
2024-01-13,,,42842.3828125,
2024-01-14,,,41796.26953125,
2024-01-15,,,42511.96875,131521.0
2024-01-16,4765.97998046875,14944.349609375,43154.9453125,129294.0
2024-01-17,4739.2099609375,14855.6201171875,42742.65234375,128524.0
2024-01-18,4780.93994140625,15055.650390625,41262.05859375,127316.0
2024-01-19,4839.81005859375,15310.9697265625,41618.40625,127636.0
2024-01-20,,,41665.5859375,
2024-01-21,,,41545.78515625,
2024-01-22,4850.43017578125,15360.2900390625,39507.3671875,126602.0
2024-01-23,4864.60009765625,15425.9404296875,39845.55078125,128263.0
2024-01-24,4868.5498046875,15481.919921875,40077.07421875,127816.0
2024-01-25,4894.16015625,15510.5,39933.80859375,128169.0
2024-01-26,4890.97021484375,15455.3603515625,41816.87109375,128967.0
2024-01-27,,,42120.0546875,
2024-01-28,,,42035.59375,
2024-01-29,4927.93017578125,15628.0400390625,43288.24609375,128503.0
2024-01-30,4924.97021484375,15509.900390625,42952.609375,127402.0
2024-01-31,4845.64990234375,15164.009765625,42582.60546875,127752.0
2024-02-01,4906.18994140625,15361.6396484375,43075.7734375,128481.0
2024-02-02,4958.60986328125,15628.9501953125,43185.859375,127182.0
2024-02-03,,,42992.25,
2024-02-04,,,42583.58203125,
2024-02-05,4942.81005859375,15597.6796875,42658.66796875,127593.0
2024-02-06,4954.22998046875,15609.0,43084.671875,130416.0
2024-02-07,4995.06005859375,15756.6396484375,44318.22265625,129608.0
2024-02-08,4997.91015625,15793.7099609375,45301.56640625,128217.0
2024-02-09,5026.60986328125,15990.66015625,47147.19921875,128026.0
2024-02-10,,,47771.27734375,
2024-02-11,,,48293.91796875,
2024-02-12,5021.83984375,15942.5498046875,49958.22265625,
2024-02-13,4953.169921875,15655.599609375,49742.44140625,
2024-02-14,5000.6201171875,15859.150390625,51826.6953125,127018.0
2024-02-15,5029.72998046875,15906.169921875,51938.5546875,127804.0
2024-02-16,5005.56982421875,15775.650390625,52160.203125,128726.0
2024-02-17,,,51662.99609375,
2024-02-18,,,52122.546875,
2024-02-19,,,51779.14453125,129036.0
2024-02-20,4975.509765625,15630.7802734375,52284.875,129916.0
2024-02-21,4981.7998046875,15580.8701171875,51839.1796875,130032.0
2024-02-22,5087.02978515625,16041.6201171875,51304.97265625,130241.0
2024-02-23,5088.7998046875,15996.8203125,50731.94921875,129419.0
2024-02-24,,,51571.1015625,
2024-02-25,,,51733.23828125,
2024-02-26,5069.52978515625,15976.25,54522.40234375,129609.0
2024-02-27,5078.18017578125,16035.2998046875,57085.37109375,131689.0
2024-02-28,5069.759765625,15947.740234375,62504.7890625,130155.0
2024-02-29,5096.27001953125,16091.919921875,61198.3828125,129020.0
2024-03-01,5137.080078125,16274.9404296875,62440.6328125,129180.0
2024-03-02,,,62029.84765625,
2024-03-03,,,63167.37109375,
2024-03-04,5130.9501953125,16207.509765625,68330.4140625,128341.0
2024-03-05,5078.64990234375,15939.58984375,63801.19921875,128098.0
2024-03-06,5104.759765625,16031.5400390625,66106.8046875,128890.0
2024-03-07,5157.35986328125,16273.3798828125,66925.484375,128340.0
2024-03-08,5123.68994140625,16085.1103515625,68300.09375,127071.0
2024-03-09,,,68498.8828125,
2024-03-10,,,69019.7890625,
2024-03-11,5117.93994140625,16019.26953125,72123.90625,126124.0
2024-03-12,5175.27001953125,16265.6396484375,71481.2890625,127668.0
2024-03-13,5165.31005859375,16177.76953125,73083.5,128006.0
2024-03-14,5150.47998046875,16128.5302734375,71396.59375,127690.0
2024-03-15,5117.08984375,15973.169921875,69403.7734375,126742.0
2024-03-16,,,65315.1171875,
2024-03-17,,,68390.625,
2024-03-18,5149.419921875,16103.4501953125,67548.59375,126954.0
2024-03-19,5178.509765625,16166.7900390625,61912.7734375,127529.0
2024-03-20,5224.6201171875,16369.41015625,67913.671875,129125.0
2024-03-21,5241.52978515625,16401.83984375,65491.390625,128159.0
2024-03-22,5234.18017578125,16428.8203125,63778.76171875,127027.0
2024-03-23,,,64062.203125,
2024-03-24,,,67234.171875,
2024-03-25,5218.18994140625,16384.470703125,69958.8125,126931.0
2024-03-26,5203.580078125,16315.7001953125,69987.8359375,126863.0
2024-03-27,5248.490234375,16399.51953125,69455.34375,127691.0
2024-03-28,5254.35009765625,16379.4599609375,70744.953125,128106.0
2024-03-29,,,69892.828125,
2024-03-30,,,69645.3046875,
2024-03-31,,,71333.6484375,
2024-04-01,5243.77001953125,16396.830078125,69702.1484375,126990.0
2024-04-02,5205.81005859375,16240.4501953125,65446.97265625,127549.0
2024-04-03,5211.490234375,16277.4599609375,65980.8125,127318.0
2024-04-04,5147.2099609375,16049.080078125,68508.84375,127428.0
2024-04-05,5204.33984375,16248.51953125,67837.640625,126795.0
2024-04-06,,,68896.109375,
2024-04-07,,,69362.5546875,
2024-04-08,5202.39013671875,16253.9599609375,71631.359375,128857.0
2024-04-09,5209.91015625,16306.6396484375,69139.015625,129890.0
2024-04-10,5160.64013671875,16170.3603515625,70587.8828125,128054.0
2024-04-11,5199.06005859375,16442.19921875,70060.609375,127396.0
2024-04-12,5123.41015625,16175.08984375,67195.8671875,125946.0
2024-04-13,,,63821.47265625,
2024-04-14,,,65738.7265625,
2024-04-15,5061.81982421875,15885.01953125,63426.2109375,125334.0
2024-04-16,5051.41015625,15865.25,63811.86328125,124389.0
2024-04-17,5022.2099609375,15683.3701171875,61276.69140625,124171.0
2024-04-18,5011.1201171875,15601.5,63512.75390625,124196.0
2024-04-19,4967.22998046875,15282.009765625,63843.5703125,125124.0
2024-04-20,,,64994.44140625,
2024-04-21,,,64926.64453125,
2024-04-22,5010.60009765625,15451.3095703125,66837.6796875,125573.0
2024-04-23,5070.5498046875,15696.6396484375,66407.2734375,125148.0
2024-04-24,5071.6298828125,15712.75,64276.8984375,124741.0
2024-04-25,5048.419921875,15611.759765625,64481.70703125,124646.0
2024-04-26,5099.9599609375,15927.900390625,63755.3203125,126526.0
2024-04-27,,,63419.140625,
2024-04-28,,,63113.23046875,
2024-04-29,5116.169921875,15983.080078125,63841.12109375,127352.0
2024-04-30,5035.68994140625,15657.8203125,60636.85546875,125924.0
2024-05-01,5018.39013671875,15605.48046875,58254.01171875,
2024-05-02,5064.2001953125,15840.9599609375,59123.43359375,127122.0
2024-05-03,5127.7900390625,16156.330078125,62889.8359375,128509.0
2024-05-04,,,63891.47265625,
2024-05-05,,,64031.1328125,
2024-05-06,5180.740234375,16349.25,63161.94921875,128466.0
2024-05-07,5187.7001953125,16332.5595703125,62334.81640625,129210.0
2024-05-08,5187.669921875,16302.759765625,61187.94140625,129481.0
2024-05-09,5214.080078125,16346.259765625,63049.9609375,128188.0
2024-05-10,5222.68017578125,16340.8701171875,60792.77734375,127600.0
2024-05-11,,,60793.7109375,
2024-05-12,,,61448.39453125,
2024-05-13,5221.419921875,16388.240234375,62901.44921875,128155.0
2024-05-14,5246.68017578125,16511.1796875,61552.7890625,128515.0
2024-05-15,5308.14990234375,16742.390625,66267.4921875,128028.0
2024-05-16,5297.10009765625,16698.3203125,65231.58203125,128284.0
2024-05-17,5303.27001953125,16685.970703125,67051.875,128151.0
2024-05-18,,,66940.8046875,
2024-05-19,,,66278.3671875,
2024-05-20,5308.1298828125,16794.869140625,71448.1953125,127751.0
2024-05-21,5321.41015625,16832.619140625,70136.53125,127412.0
2024-05-22,5307.009765625,16801.5390625,69122.3359375,125650.0
2024-05-23,5267.83984375,16736.029296875,67929.5625,124729.0
2024-05-24,5304.72021484375,16920.7890625,68526.1015625,124306.0
2024-05-25,,,69265.9453125,
2024-05-26,,,68518.09375,
2024-05-27,,,69394.5546875,124496.0
2024-05-28,5306.0400390625,17019.880859375,68296.21875,123780.0
2024-05-29,5266.9501953125,16920.580078125,67578.09375,122707.0
2024-05-30,5235.47998046875,16737.080078125,68364.9921875,
2024-05-31,5277.509765625,16735.01953125,67491.4140625,122098.0
2024-06-01,,,67706.9375,
2024-06-02,,,67751.6015625,
2024-06-03,5283.39990234375,16828.669921875,68804.78125,122032.0
2024-06-04,5291.33984375,16857.05078125,70567.765625,121802.0
2024-06-05,5354.02978515625,17187.900390625,71082.8203125,121407.0
2024-06-06,5352.9599609375,17173.119140625,70757.1640625,122899.0
2024-06-07,5346.990234375,17133.130859375,69342.5859375,120767.0
2024-06-08,,,69305.7734375,
2024-06-09,,,69647.9921875,
2024-06-10,5360.7900390625,17192.529296875,69512.28125,120760.0
2024-06-11,5375.31982421875,17343.55078125,67332.03125,121635.0
2024-06-12,5421.02978515625,17608.439453125,68241.1875,119936.0
2024-06-13,5433.740234375,17667.560546875,66756.3984375,119568.0
2024-06-14,5431.60009765625,17688.880859375,66011.09375,119662.0
2024-06-15,,,66191.0,
2024-06-16,,,66639.046875,
2024-06-17,5473.22998046875,17857.01953125,66490.296875,119138.0
2024-06-18,5487.02978515625,17862.23046875,65140.74609375,119630.0
2024-06-19,,,64960.296875,120261.0
2024-06-20,5473.169921875,17721.58984375,64828.65625,120446.0
2024-06-21,5464.6201171875,17689.359375,64096.19921875,121341.0
2024-06-22,,,64252.578125,
2024-06-23,,,63180.796875,
2024-06-24,5447.8701171875,17496.8203125,60277.4140625,122637.0
2024-06-25,5469.2998046875,17717.650390625,61804.640625,122331.0
2024-06-26,5477.89990234375,17805.16015625,60811.27734375,122641.0
2024-06-27,5482.8701171875,17858.6796875,61604.80078125,124308.0
2024-06-28,5460.47998046875,17732.599609375,60320.13671875,123907.0
2024-06-29,,,60887.37890625,
2024-06-30,,,62678.29296875,
2024-07-01,5475.08984375,17879.30078125,62851.98046875,124718.0
2024-07-02,5509.009765625,18028.759765625,62029.015625,124787.0
2024-07-03,5537.02001953125,18188.30078125,60173.921875,125662.0
2024-07-04,,,56977.703125,126164.0
2024-07-05,5567.18994140625,18352.759765625,56662.375,126267.0
2024-07-06,,,58303.5390625,
2024-07-07,,,55849.109375,
2024-07-08,5572.85009765625,18403.740234375,56705.09765625,126548.0
2024-07-09,5576.97998046875,18429.2890625,58009.2265625,127108.0
2024-07-10,5633.91015625,18647.44921875,57742.49609375,127218.0
2024-07-11,5584.5400390625,18283.41015625,57344.9140625,128294.0
2024-07-12,5615.35009765625,18398.44921875,57899.46484375,128897.0
2024-07-13,,,59231.953125,
2024-07-14,,,60787.79296875,
2024-07-15,5631.22021484375,18472.5703125,64870.15234375,129321.0
2024-07-16,5667.2001953125,18509.33984375,65097.1484375,129110.0
2024-07-17,5588.27001953125,17996.919921875,64118.79296875,129450.0
2024-07-18,5544.58984375,17871.220703125,63974.06640625,127652.0
2024-07-19,5505.0,17726.939453125,66710.15625,127616.0
2024-07-20,,,67163.6484375,
2024-07-21,,,68154.5234375,
2024-07-22,5564.41015625,18007.5703125,67585.25,127860.0
2024-07-23,5555.740234375,17997.349609375,65927.671875,126590.0
2024-07-24,5427.1298828125,17342.41015625,65372.1328125,126423.0
2024-07-25,5399.22021484375,17181.720703125,65777.2265625,125954.0
2024-07-26,5459.10009765625,17357.880859375,67912.0625,127492.0
2024-07-27,,,67813.3359375,
2024-07-28,,,68255.8671875,
2024-07-29,5463.5400390625,17370.19921875,66819.9140625,126954.0
2024-07-30,5436.43994140625,17147.419921875,66201.015625,126139.0
2024-07-31,5522.2998046875,17599.400390625,64619.25,127652.0
2024-08-01,5446.68017578125,17194.150390625,65357.5,127395.0
2024-08-02,5346.56005859375,16776.16015625,61415.06640625,125854.0
2024-08-03,,,60680.09375,
2024-08-04,,,58116.9765625,
2024-08-05,5186.330078125,16200.080078125,53991.45703125,125270.0
2024-08-06,5240.02978515625,16366.849609375,56034.31640625,126267.0
2024-08-07,5199.5,16195.8095703125,55027.4609375,127514.0
2024-08-08,5319.31005859375,16660.01953125,61710.13671875,128661.0
2024-08-09,5344.16015625,16745.30078125,60880.11328125,130615.0
2024-08-10,,,60945.8125,
2024-08-11,,,58719.484375,
2024-08-12,5344.39013671875,16780.609375,59354.515625,131116.0
2024-08-13,5434.43017578125,17187.609375,60609.56640625,132398.0
2024-08-14,5455.2099609375,17192.599609375,58737.26953125,133318.0
2024-08-15,5543.22021484375,17594.5,57560.09765625,134153.0
2024-08-16,5554.25,17631.720703125,58894.10546875,133953.0
2024-08-17,,,59478.97265625,
2024-08-18,,,58483.96484375,
2024-08-19,5608.25,17876.76953125,59493.453125,135778.0
2024-08-20,5597.1201171875,17816.939453125,59012.79296875,136087.0
2024-08-21,5620.85009765625,17918.990234375,61175.19140625,136464.0
2024-08-22,5570.64013671875,17619.349609375,60381.9140625,135173.0
2024-08-23,5634.60986328125,17877.7890625,64094.35546875,135608.0
2024-08-24,,,64178.9921875,
2024-08-25,,,64333.54296875,
2024-08-26,5616.83984375,17725.76953125,62880.66015625,136889.0
2024-08-27,5625.7998046875,17754.8203125,59504.1328125,136776.0
2024-08-28,5592.18017578125,17556.029296875,59027.625,137344.0
2024-08-29,5591.9599609375,17516.4296875,59388.1796875,136041.0
2024-08-30,5648.39990234375,17713.619140625,59119.4765625,136004.0
2024-08-31,,,58969.8984375,
2024-09-01,,,57325.48828125,
2024-09-02,,,59112.48046875,134981.0
2024-09-03,5528.93017578125,17136.30078125,57431.0234375,134353.0
2024-09-04,5520.06982421875,17084.30078125,57971.5390625,136111.0
2024-09-05,5503.41015625,17127.66015625,56160.48828125,136502.0
2024-09-06,5408.419921875,16690.830078125,53948.75390625,134572.0
2024-09-07,,,54139.6875,
2024-09-08,,,54841.56640625,
2024-09-09,5471.0498046875,16884.599609375,57019.53515625,134737.0
2024-09-10,5495.52001953125,17025.880859375,57648.7109375,134320.0
2024-09-11,5554.1298828125,17395.529296875,57343.171875,134677.0
2024-09-12,5595.759765625,17569.6796875,58127.01171875,134029.0
2024-09-13,5626.02001953125,17683.98046875,60571.30078125,134882.0
2024-09-14,,,60005.12109375,
2024-09-15,,,59182.8359375,
2024-09-16,5633.08984375,17592.130859375,58192.5078125,135118.0
2024-09-17,5634.580078125,17628.060546875,60308.5390625,134960.0
2024-09-18,5618.259765625,17573.30078125,61649.6796875,133748.0
2024-09-19,5713.64013671875,18013.98046875,62940.45703125,133123.0
2024-09-20,5702.5498046875,17948.3203125,63192.9765625,131065.0
2024-09-21,,,63394.83984375,
2024-09-22,,,63648.7109375,
2024-09-23,5718.56982421875,17974.26953125,63329.80078125,130568.0
2024-09-24,5732.93017578125,18074.51953125,64301.96875,132156.0
2024-09-25,5722.259765625,18082.2109375,63143.14453125,131586.0
2024-09-26,5745.3701171875,18190.2890625,65181.01953125,133010.0
2024-09-27,5738.169921875,18119.58984375,65790.6640625,132730.0
2024-09-28,,,65887.6484375,
2024-09-29,,,65635.3046875,
2024-09-30,5762.47998046875,18189.169921875,63329.5,131816.0
2024-10-01,5708.75,17910.359375,60837.0078125,132495.0
2024-10-02,5709.5400390625,17925.119140625,60632.78515625,133515.0
2024-10-03,5699.93994140625,17918.48046875,60759.40234375,131672.0
2024-10-04,5751.06982421875,18137.849609375,62067.4765625,131792.0
2024-10-05,,,62089.94921875,
2024-10-06,,,62818.953125,
2024-10-07,5695.93994140625,17923.900390625,62236.66015625,132018.0
2024-10-08,5751.1298828125,18182.919921875,62131.96875,131512.0
2024-10-09,5792.0400390625,18291.619140625,60582.1015625,129962.0
2024-10-10,5780.0498046875,18282.05078125,60274.5,130353.0
2024-10-11,5815.02978515625,18342.939453125,62445.08984375,129992.0
2024-10-12,,,63193.0234375,
2024-10-13,,,62851.375,
2024-10-14,5859.85009765625,18502.689453125,66046.125,131005.0
2024-10-15,5815.259765625,18315.58984375,67041.109375,131043.0
2024-10-16,5842.47021484375,18367.080078125,67612.71875,131750.0
2024-10-17,5841.47021484375,18373.609375,67399.8359375,130793.0
2024-10-18,5864.669921875,18489.55078125,68418.7890625,130499.0
2024-10-19,,,68362.734375,
2024-10-20,,,69001.703125,
2024-10-21,5853.97998046875,18540.009765625,67367.8515625,130362.0
2024-10-22,5851.2001953125,18579.76953125,67361.40625,129721.0
2024-10-23,5797.419921875,18276.650390625,66432.1953125,129233.0
2024-10-24,5809.85986328125,18415.490234375,68161.0546875,130067.0
2024-10-25,5808.1201171875,18518.609375,66642.4140625,129893.0
2024-10-26,,,67014.6953125,
2024-10-27,,,67929.296875,
2024-10-28,5823.52001953125,18567.189453125,69907.7578125,131213.0
2024-10-29,5832.919921875,18712.75,72720.4921875,130730.0
2024-10-30,5813.669921875,18607.9296875,72339.5390625,130639.0
2024-10-31,5705.4501953125,18095.150390625,70215.1875,129713.0
2024-11-01,5728.7998046875,18239.919921875,69482.46875,128121.0
2024-11-02,,,69289.2734375,
2024-11-03,,,68741.1171875,
2024-11-04,5712.68994140625,18179.98046875,67811.5078125,130515.0
2024-11-05,5782.759765625,18439.169921875,69359.5625,130661.0
2024-11-06,5929.0400390625,18983.470703125,75639.078125,130341.0
2024-11-07,5973.10009765625,19269.4609375,75904.859375,129682.0
2024-11-08,5995.5400390625,19286.779296875,76545.4765625,127830.0
2024-11-09,,,76778.8671875,
2024-11-10,,,80474.1875,
2024-11-11,6001.35009765625,19298.759765625,88701.484375,127874.0
2024-11-12,5983.990234375,19281.400390625,87955.8125,127698.0
2024-11-13,5985.3798828125,19230.720703125,90584.1640625,127734.0
2024-11-14,5949.169921875,19107.650390625,87250.4296875,127792.0
2024-11-15,5870.6201171875,18680.119140625,91066.0078125,
2024-11-16,,,90558.4765625,
2024-11-17,,,89845.8515625,
2024-11-18,5893.6201171875,18791.810546875,90542.640625,127768.0
2024-11-19,5916.97998046875,18987.470703125,92343.7890625,128197.0
2024-11-20,5917.10986328125,18966.140625,94339.4921875,
2024-11-21,5948.7099609375,18972.419921875,98504.7265625,126922.0
2024-11-22,5969.33984375,19003.650390625,98997.6640625,129126.0
2024-11-23,,,97777.28125,
2024-11-24,,,98013.8203125,
2024-11-25,5987.3701171875,19054.83984375,93102.296875,129036.0
2024-11-26,6021.6298828125,19174.30078125,91985.3203125,129922.0
2024-11-27,5998.740234375,19060.48046875,95962.53125,127669.0
2024-11-28,,,95652.46875,124610.0
2024-11-29,6032.3798828125,19218.169921875,97461.5234375,125668.0
2024-11-30,,,96449.0546875,
2024-12-01,,,97279.7890625,
2024-12-02,6047.14990234375,19403.94921875,95865.3046875,125236.0
2024-12-03,6049.8798828125,19480.91015625,96002.1640625,126139.0
2024-12-04,6086.490234375,19735.119140625,98768.53125,126087.0
2024-12-05,6075.10986328125,19700.259765625,96593.5703125,127858.0
2024-12-06,6090.27001953125,19859.76953125,99920.7109375,125946.0
2024-12-07,,,99923.3359375,
2024-12-08,,,101236.015625,
2024-12-09,6052.85009765625,19736.689453125,97432.71875,127210.0
2024-12-10,6034.91015625,19687.240234375,96675.4296875,128228.0
2024-12-11,6084.18994140625,20034.890625,101173.03125,129593.0
2024-12-12,6051.25,19902.83984375,100043.0,126042.0
2024-12-13,6051.08984375,19926.720703125,101459.2578125,124612.0
2024-12-14,,,101372.96875,
2024-12-15,,,104298.6953125,
2024-12-16,6074.080078125,20173.890625,106029.71875,123560.0
2024-12-17,6050.60986328125,20109.060546875,106140.6015625,124698.0
2024-12-18,5872.16015625,19392.689453125,100041.5390625,120772.0
2024-12-19,5867.080078125,19372.76953125,97490.953125,121188.0
2024-12-20,5930.85009765625,19572.599609375,97755.9296875,122102.0
2024-12-21,,,97224.7265625,
2024-12-22,,,95104.9375,
2024-12-23,5974.06982421875,19764.880859375,94686.2421875,120767.0
2024-12-24,6040.0400390625,20031.130859375,98676.09375,
2024-12-25,,,99299.1953125,
2024-12-26,6037.58984375,20020.359375,95795.515625,121078.0
2024-12-27,5970.83984375,19722.029296875,94164.859375,120269.0
2024-12-28,,,95163.9296875,
2024-12-29,,,93530.2265625,
2024-12-30,5906.93994140625,19486.7890625,92643.2109375,120283.0
2024-12-31,5881.6298828125,19310.7890625,93429.203125,
2025-01-01,,,94419.7578125,
2025-01-02,5868.5498046875,19280.7890625,96886.875,120125.0
2025-01-03,5942.47021484375,19621.6796875,98107.4296875,118533.0
2025-01-04,,,98236.2265625,
2025-01-05,,,98314.9609375,
2025-01-06,5975.3798828125,19864.98046875,102078.0859375,120022.0
2025-01-07,5909.02978515625,19489.6796875,96922.703125,121163.0
2025-01-08,5918.25,19478.880859375,95043.5234375,119625.0
2025-01-09,,,92484.0390625,119781.0
2025-01-10,5827.0400390625,19161.630859375,94701.453125,118856.0
2025-01-11,,,94566.59375,
2025-01-12,,,94488.4375,
2025-01-13,5836.22021484375,19088.099609375,94516.5234375,119007.0
2025-01-14,5842.91015625,19044.390625,96534.046875,119299.0
2025-01-15,5949.91015625,19511.23046875,100504.4921875,122650.0
2025-01-16,5937.33984375,19338.2890625,99756.90625,121234.0
2025-01-17,5996.66015625,19630.19921875,104462.0390625,122350.0
2025-01-18,,,104408.0703125,
2025-01-19,,,101089.609375,
2025-01-20,,,102016.6640625,122543.0
2025-01-21,6049.240234375,19756.779296875,106146.265625,123338.0
2025-01-22,6086.3701171875,20009.33984375,103653.0703125,122972.0
2025-01-23,6118.7099609375,20053.6796875,103960.171875,122483.0
2025-01-24,6101.240234375,19954.30078125,104819.484375,122447.0
2025-01-25,,,104714.6484375,
2025-01-26,,,102682.5,
2025-01-27,6012.27978515625,19341.830078125,102087.6875,124862.0
2025-01-28,6067.7001953125,19733.58984375,101332.4765625,124056.0
2025-01-29,6039.31005859375,19632.3203125,103703.2109375,123432.0
2025-01-30,6071.169921875,19681.75,104735.3046875,126913.0
2025-01-31,6040.52978515625,19627.439453125,102405.0234375,126135.0
2025-02-01,,,100655.90625,
2025-02-02,,,97688.9765625,
2025-02-03,5994.56982421875,19391.9609375,101405.421875,125970.0
2025-02-04,6037.8798828125,19654.01953125,97871.8203125,125147.0
2025-02-05,6061.47998046875,19692.330078125,96615.4453125,125534.0
2025-02-06,6083.56982421875,19791.990234375,96593.296875,126225.0
2025-02-07,6025.990234375,19523.400390625,96529.0859375,124619.0
2025-02-08,,,96482.453125,
2025-02-09,,,96500.09375,
2025-02-10,6066.43994140625,19714.26953125,97437.5546875,125572.0
2025-02-11,6068.5,19643.859375,95747.4296875,126522.0
2025-02-12,6051.97021484375,19649.94921875,97885.859375,124380.0
2025-02-13,6115.06982421875,19945.640625,96623.8671875,124850.0
2025-02-14,6114.6298828125,20026.76953125,97508.96875,128219.0
2025-02-15,,,97580.3515625,
2025-02-16,,,96175.03125,
2025-02-17,,,95773.3828125,128869.0
2025-02-18,6129.580078125,20041.259765625,95539.546875,128532.0
2025-02-19,6144.14990234375,20056.25,96635.609375,127309.0
2025-02-20,6117.52001953125,19962.359375,98333.9375,127601.0
2025-02-21,6013.1298828125,19524.009765625,96125.546875,127128.0
2025-02-22,,,96577.7578125,
2025-02-23,,,96273.921875,
2025-02-24,5983.25,19286.9296875,91418.171875,125401.0
2025-02-25,5955.25,19026.390625,88736.171875,125980.0
2025-02-26,5956.06005859375,19075.259765625,84347.0234375,124769.0
2025-02-27,5861.56982421875,18544.419921875,84704.2265625,124799.0
2025-02-28,5954.5,18847.279296875,84373.0078125,122799.0
2025-03-01,,,86031.9140625,
2025-03-02,,,94248.3515625,
2025-03-03,5849.72021484375,18350.189453125,86065.671875,
2025-03-04,5778.14990234375,18285.16015625,87222.1953125,
2025-03-05,5842.6298828125,18552.73046875,90623.5625,123047.0
2025-03-06,5738.52001953125,18069.259765625,89961.7265625,123358.0
2025-03-07,5770.2001953125,18196.220703125,86742.671875,125035.0
2025-03-08,,,86154.59375,
2025-03-09,,,80601.0390625,
2025-03-10,5614.56005859375,17468.3203125,78532.0,124519.0
2025-03-11,5572.06982421875,17436.099609375,82862.2109375,123507.0
2025-03-12,5599.2998046875,17648.44921875,83722.359375,123864.0
2025-03-13,5521.52001953125,17303.009765625,81066.703125,125637.0
2025-03-14,5638.93994140625,17754.08984375,83969.1015625,128957.0
2025-03-15,,,84343.109375,
2025-03-16,,,82579.6875,
2025-03-17,5675.1201171875,17808.66015625,84075.6875,130834.0
2025-03-18,5614.66015625,17504.119140625,82718.5,131475.0
2025-03-19,5675.2900390625,17750.7890625,86854.2265625,132508.0
2025-03-20,5662.89013671875,17691.630859375,84167.1953125,131955.0
2025-03-21,5667.56005859375,17784.05078125,84043.2421875,132345.0
2025-03-22,,,83832.484375,
2025-03-23,,,86054.375,
2025-03-24,5767.56982421875,18188.58984375,87498.9140625,131321.0
2025-03-25,5776.64990234375,18271.859375,87471.703125,132068.0
2025-03-26,5712.2001953125,17899.01953125,86900.8828125,132520.0
2025-03-27,5693.31005859375,17804.029296875,87177.1015625,133149.0
2025-03-28,5580.93994140625,17322.990234375,84353.1484375,131902.0
2025-03-29,,,82597.5859375,
2025-03-30,,,82334.5234375,
2025-03-31,5611.85009765625,17299.2890625,82548.9140625,130260.0
2025-04-01,5633.06982421875,17449.890625,85169.171875,131147.0
2025-04-02,5670.97021484375,17601.05078125,82485.7109375,131190.0
2025-04-03,5396.52001953125,16550.609375,83102.828125,131141.0
2025-04-04,5074.080078125,15587.7900390625,83843.8046875,127256.0
2025-04-05,,,83504.796875,
2025-04-06,,,78214.484375,
2025-04-07,5062.25,15603.259765625,79235.3359375,125588.0
2025-04-08,4982.77001953125,15267.91015625,76271.953125,123932.0
2025-04-09,5456.89990234375,17124.970703125,82573.953125,127796.0
2025-04-10,5268.0498046875,16387.310546875,79626.140625,126355.0
2025-04-11,5363.35986328125,16724.4609375,83404.8359375,127682.0
2025-04-12,,,85287.109375,
2025-04-13,,,83684.9765625,
2025-04-14,5405.97021484375,16831.48046875,84542.390625,129454.0
2025-04-15,5396.6298828125,16823.169921875,83668.9921875,129245.0
2025-04-16,5275.7001953125,16307.16015625,84033.8671875,128317.0
2025-04-17,5282.7001953125,16286.4501953125,84895.75,129650.0
2025-04-18,,,84450.8046875,
2025-04-19,,,85063.4140625,
2025-04-20,,,85174.3046875,
2025-04-21,5158.2001953125,15870.900390625,87518.90625,
2025-04-22,5287.759765625,16300.419921875,93441.890625,130464.0
2025-04-23,5375.85986328125,16708.05078125,93699.109375,132216.0
2025-04-24,5484.77001953125,17166.0390625,93943.796875,134580.0
2025-04-25,5525.2099609375,17382.939453125,94720.5,134739.0
2025-04-26,,,94646.9296875,
2025-04-27,,,93754.84375,
2025-04-28,5528.75,17366.130859375,94978.75,135016.0
2025-04-29,5560.830078125,17461.3203125,94284.7890625,135093.0
2025-04-30,5569.06005859375,17446.33984375,94207.3125,135067.0
2025-05-01,5604.14013671875,17710.740234375,96492.3359375,
2025-05-02,5686.669921875,17977.73046875,96910.0703125,135134.0
2025-05-03,,,95891.796875,
2025-05-04,,,94315.9765625,
2025-05-05,5650.3798828125,17844.240234375,94748.0546875,133491.0
2025-05-06,5606.91015625,17689.66015625,96802.4765625,133516.0
2025-05-07,5631.27978515625,17738.16015625,97032.3203125,133398.0
2025-05-08,5663.93994140625,17928.140625,103241.4609375,136232.0
2025-05-09,5659.91015625,17928.919921875,102970.8515625,136512.0
2025-05-10,,,104696.328125,
2025-05-11,,,104106.359375,
2025-05-12,5844.18994140625,18708.33984375,102812.953125,136563.0
2025-05-13,5886.5498046875,19010.08984375,104169.8125,138963.0
2025-05-14,5892.580078125,19146.810546875,103539.4140625,138423.0
2025-05-15,5916.93017578125,19112.3203125,103744.640625,139334.0
2025-05-16,5958.3798828125,19211.099609375,103489.2890625,139187.0
2025-05-17,,,103191.0859375,
2025-05-18,,,106446.0078125,
2025-05-19,5963.60009765625,19215.4609375,105606.1796875,139636.0
2025-05-20,5940.4599609375,19142.7109375,106791.0859375,140110.0
2025-05-21,5844.60986328125,18872.640625,109678.078125,137881.0
2025-05-22,5842.009765625,18925.740234375,111673.28125,137273.0
2025-05-23,5802.81982421875,18737.2109375,107287.796875,137824.0
2025-05-24,,,107791.15625,
2025-05-25,,,109035.390625,
2025-05-26,,,109440.3671875,138136.0
2025-05-27,5921.5400390625,19199.16015625,108994.640625,139541.0
2025-05-28,5888.5498046875,19100.939453125,107802.328125,138888.0
2025-05-29,5912.169921875,19175.869140625,105641.7578125,138534.0
2025-05-30,5911.68994140625,19113.76953125,103998.5703125,137027.0
2025-05-31,,,104638.09375,
2025-06-01,,,105652.1015625,
2025-06-02,5935.93994140625,19242.609375,105881.53125,136787.0
2025-06-03,5970.3701171875,19398.9609375,105432.46875,137546.0
2025-06-04,5970.81005859375,19460.490234375,104731.984375,137002.0
2025-06-05,5939.2998046875,19298.44921875,101575.953125,136236.0
2025-06-06,6000.35986328125,19529.94921875,104390.34375,136102.0
2025-06-07,,,105615.625,
2025-06-08,,,105793.6484375,
2025-06-09,6005.8798828125,19591.240234375,110294.1015625,135699.0
2025-06-10,6038.81005859375,19714.990234375,110257.234375,136436.0
2025-06-11,6022.240234375,19615.880859375,108686.625,137128.0
2025-06-12,6045.259765625,19662.490234375,105929.0546875,137800.0
2025-06-13,5976.97021484375,19406.830078125,106090.96875,137213.0
2025-06-14,,,105472.40625,
2025-06-15,,,105552.0234375,
2025-06-16,6033.10986328125,19701.2109375,106796.7578125,139256.0
2025-06-17,5982.72021484375,19521.08984375,104601.1171875,138840.0
2025-06-18,5980.8701171875,19546.26953125,104883.328125,138717.0
2025-06-19,,,104684.2890625,
2025-06-20,5967.83984375,19447.41015625,103309.6015625,137116.0
2025-06-21,,,102257.40625,
2025-06-22,,,100987.140625,
2025-06-23,6025.169921875,19630.970703125,105577.7734375,136551.0
2025-06-24,6092.18017578125,19912.529296875,106045.6328125,137165.0
2025-06-25,6092.16015625,19973.55078125,107361.2578125,135767.0
2025-06-26,6141.02001953125,20167.91015625,106960.0,137114.0
2025-06-27,6173.06982421875,20273.4609375,107088.4296875,136866.0
2025-06-28,,,107327.703125,
2025-06-29,,,108385.5703125,
2025-06-30,6204.9501953125,20369.73046875,107135.3359375,138855.0
2025-07-01,6198.009765625,20202.890625,105698.28125,139549.0
2025-07-02,6227.419921875,20393.130859375,108859.3203125,139051.0
2025-07-03,6279.35009765625,20601.099609375,109647.9765625,140928.0
2025-07-04,,,108034.3359375,141478.0
2025-07-05,,,108231.1796875,
2025-07-06,,,109232.0703125,
2025-07-07,6229.97998046875,20412.51953125,108299.8515625,139490.0
2025-07-08,6225.52001953125,20418.4609375,108950.2734375,139303.0
2025-07-09,6263.259765625,20611.33984375,111326.5546875,137481.0
2025-07-10,6280.4599609375,20630.66015625,115987.203125,136743.0
2025-07-11,6259.75,20585.529296875,117516.9921875,136187.0
2025-07-12,,,117435.2265625,
2025-07-13,,,119116.1171875,
2025-07-14,6268.56005859375,20640.330078125,119849.703125,135299.0
2025-07-15,6243.759765625,20677.80078125,117777.1875,135250.0
2025-07-16,6263.7001953125,20730.490234375,118738.5078125,135511.0
2025-07-17,6297.35986328125,20885.650390625,119289.84375,135565.0
2025-07-18,6296.7900390625,20895.650390625,118003.2265625,133382.0
2025-07-19,,,117939.9765625,
2025-07-20,,,117300.7890625,
2025-07-21,6305.60009765625,20974.1796875,117439.5390625,134167.0
2025-07-22,6309.6201171875,20892.689453125,119995.4140625,134036.0
2025-07-23,6358.91015625,21020.01953125,118754.9609375,135368.0
2025-07-24,6363.35009765625,21057.9609375,118368.0,133808.0
2025-07-25,6388.64013671875,21108.3203125,117635.8828125,133524.0
2025-07-26,,,117947.3671875,
2025-07-27,,,119448.4921875,
2025-07-28,6389.77001953125,21178.580078125,117924.4765625,132129.0
2025-07-29,6370.85986328125,21098.2890625,117922.1484375,132726.0
2025-07-30,6362.89990234375,21129.669921875,117831.1875,133990.0
2025-07-31,6339.39013671875,21122.44921875,115758.203125,133071.0
2025-08-01,6238.009765625,20650.130859375,113320.0859375,132437.0
2025-08-02,,,112526.9140625,
2025-08-03,,,114217.671875,
2025-08-04,6329.93994140625,21053.580078125,115071.8828125,132971.0
2025-08-05,6299.18994140625,20916.55078125,114141.4453125,133151.0
2025-08-06,6345.06005859375,21169.419921875,115028.0,134538.0
2025-08-07,6340.0,21242.69921875,117496.8984375,136528.0
2025-08-08,6389.4501953125,21450.01953125,116688.7265625,135913.0
2025-08-09,,,116500.359375,
2025-08-10,,,119306.7578125,
2025-08-11,6373.4501953125,21385.400390625,118731.4453125,135623.0
2025-08-12,6445.759765625,21681.900390625,120172.90625,137914.0
2025-08-13,6466.580078125,21713.140625,123344.0625,136687.0
2025-08-14,6468.5400390625,21710.669921875,118359.578125,136356.0
2025-08-15,6449.7998046875,21622.98046875,117398.3515625,136341.0
2025-08-16,,,117491.3515625,
2025-08-17,,,117453.0625,
2025-08-18,6449.14990234375,21629.76953125,116252.3125,137322.0
2025-08-19,6411.3701171875,21314.94921875,112831.1796875,134432.0
2025-08-20,6395.77978515625,21172.859375,114274.7421875,134667.0
2025-08-21,6370.169921875,21100.310546875,112419.03125,134511.0
2025-08-22,6466.91015625,21496.5390625,116874.0859375,137968.0
2025-08-23,,,115374.328125,
2025-08-24,,,113458.4296875,
2025-08-25,6439.31982421875,21449.2890625,110124.3515625,138025.0
2025-08-26,6465.93994140625,21544.26953125,111802.65625,137771.0
2025-08-27,6481.39990234375,21590.140625,111222.0625,139206.0
2025-08-28,6501.85986328125,21705.16015625,112544.8046875,141049.0
2025-08-29,6460.259765625,21455.55078125,108410.8359375,141422.0
2025-08-30,,,108808.0703125,
2025-08-31,,,108236.7109375,
2025-09-01,,,109250.59375,141125.0
2025-09-02,6415.5400390625,21279.630859375,111200.5859375,140335.0
2025-09-03,6448.259765625,21497.73046875,111723.2109375,139864.0
2025-09-04,6502.080078125,21707.689453125,110723.6015625,140993.0
2025-09-05,6481.5,21700.390625,110650.984375,142640.0
2025-09-06,,,110224.6953125,
2025-09-07,,,111167.6171875,
2025-09-08,6495.14990234375,21798.69921875,112071.4296875,141792.0
2025-09-09,6512.60986328125,21879.490234375,111530.546875,141618.0
2025-09-10,6532.0400390625,21886.060546875,113955.359375,142349.0
2025-09-11,6587.47021484375,22043.0703125,115507.5390625,143151.0
2025-09-12,6584.2900390625,22141.099609375,116101.578125,142272.0
2025-09-13,,,115950.5078125,
2025-09-14,,,115407.65625,
2025-09-15,6615.27978515625,22348.75,115444.875,143547.0
2025-09-16,6606.759765625,22333.9609375,116843.1875,144062.0
2025-09-17,6600.35009765625,22261.330078125,116468.5078125,145594.0
2025-09-18,6631.9599609375,22470.720703125,117137.203125,145500.0
2025-09-19,6664.35986328125,22631.48046875,115688.859375,145865.0
2025-09-20,,,115721.9609375,
2025-09-21,,,115306.09375,
2025-09-22,6693.75,22788.98046875,112748.5078125,145109.0
2025-09-23,6656.919921875,22573.470703125,112014.5,146425.0
2025-09-24,6637.97021484375,22497.859375,113328.6328125,146492.0
2025-09-25,6604.72021484375,22384.69921875,109049.2890625,145306.0
2025-09-26,6643.7001953125,22484.0703125,109712.828125,145447.0
2025-09-27,,,109681.9453125,
2025-09-28,,,112122.640625,
2025-09-29,6661.2099609375,22591.150390625,114400.3828125,146337.0
2025-09-30,6688.4599609375,22660.009765625,114056.0859375,146237.0
2025-10-01,6711.2001953125,22755.16015625,118648.9296875,145517.0
2025-10-02,6715.35009765625,22844.05078125,120681.2578125,143950.0
2025-10-03,6715.7900390625,22780.509765625,122266.53125,144201.0
2025-10-04,,,122425.4296875,
2025-10-05,,,123513.4765625,
2025-10-06,6740.27978515625,22941.669921875,124752.53125,143608.0
2025-10-07,6714.58984375,22788.359375,121451.3828125,141356.0
2025-10-08,6753.72021484375,23043.380859375,123354.8671875,142145.0
2025-10-09,6735.10986328125,23024.630859375,121705.5859375,141708.0
2025-10-10,6552.509765625,22204.4296875,113214.3671875,140680.0
2025-10-11,,,110807.8828125,
2025-10-12,,,115169.765625,
2025-10-13,6654.72021484375,22694.609375,115271.078125,141783.0
2025-10-14,6644.31005859375,22521.69921875,113118.6640625,141683.0
2025-10-15,6671.06005859375,22670.080078125,110783.1640625,142604.0
2025-10-16,6629.06982421875,22562.5390625,108186.0390625,142200.0
2025-10-17,6664.009765625,22679.970703125,106467.7890625,143399.0
2025-10-18,,,107198.265625,
2025-10-19,,,108666.7109375,
2025-10-20,6735.1298828125,22990.5390625,110588.9296875,144509.0
2025-10-21,6735.35009765625,22953.669921875,108476.890625,144085.0
2025-10-22,6699.39990234375,22740.400390625,107688.5859375,144873.0
2025-10-23,6738.43994140625,22941.80078125,110069.7265625,145721.0
2025-10-24,6791.68994140625,23204.869140625,111033.921875,146172.0
2025-10-25,,,111641.7265625,
2025-10-26,,,114472.4453125,
2025-10-27,6875.16015625,23637.4609375,114119.328125,146969.0
2025-10-28,6890.89013671875,23827.490234375,112956.1640625,147429.0
2025-10-29,6890.58984375,23958.470703125,110055.3046875,148633.0
2025-10-30,6822.33984375,23581.140625,108305.546875,148780.0
2025-10-31,6840.2001953125,23724.9609375,109556.1640625,149540.0
2025-11-01,,,110064.015625,
2025-11-02,,,110639.625,
2025-11-03,6851.97021484375,23834.720703125,106547.5234375,150454.0
2025-11-04,6771.5498046875,23348.640625,101590.5234375,150704.0
2025-11-05,6796.2900390625,23499.80078125,103891.8359375,153294.0
2025-11-06,6720.31982421875,23053.990234375,101301.2890625,153339.0
2025-11-07,6728.7998046875,23004.5390625,103372.40625,154064.0
2025-11-08,,,102282.1171875,
2025-11-09,,,104719.640625,
2025-11-10,6832.43017578125,23527.169921875,105996.59375,155257.0
2025-11-11,6846.60986328125,23468.30078125,102997.46875,157749.0
2025-11-12,6850.919921875,23406.4609375,101663.1875,157633.0
2025-11-13,6737.490234375,22870.359375,99697.4921875,157162.0
2025-11-14,6734.10986328125,22900.58984375,94397.7890625,157739.0
2025-11-15,,,95549.1484375,
2025-11-16,,,94177.078125,
2025-11-17,6672.41015625,22708.0703125,92093.875,156993.0
2025-11-18,6617.31982421875,22432.849609375,92948.875,156522.0
2025-11-19,6642.16015625,22564.23046875,91465.9921875,155381.0
2025-11-20,6538.759765625,22078.05078125,86631.8984375,
2025-11-21,6602.990234375,22273.080078125,85090.6875,154770.0
2025-11-22,,,84648.359375,
2025-11-23,,,86805.0078125,
2025-11-24,6705.1201171875,22872.009765625,88270.5625,155278.0
2025-11-25,6765.8798828125,23025.58984375,87341.890625,155910.0
2025-11-26,6812.60986328125,23214.689453125,90518.3671875,158555.0
2025-11-27,,,91285.375,158292.0
2025-11-28,6849.08984375,23365.689453125,90919.265625,159072.0
2025-11-29,,,90851.7578125,
2025-11-30,,,90394.3125,
2025-12-01,6812.6298828125,23275.919921875,86321.5703125,158611.0
2025-12-02,6829.3701171875,23413.669921875,91350.203125,161092.0
2025-12-03,6849.72021484375,23454.08984375,93527.8046875,161755.0
2025-12-04,6857.1201171875,23505.140625,92141.625,164456.0
2025-12-05,6870.39990234375,23578.130859375,89387.7578125,157369.0
2025-12-06,,,89272.375,
2025-12-07,,,90405.640625,
2025-12-08,6846.509765625,23545.900390625,90640.203125,158187.0
2025-12-09,6840.509765625,23576.490234375,92691.7109375,157981.0
2025-12-10,6886.68017578125,23654.150390625,92020.9453125,159075.0
2025-12-11,6901.0,23593.859375,92511.3359375,159189.0
2025-12-12,6827.41015625,23195.169921875,90270.4140625,160766.0
2025-12-13,,,90298.7109375,
2025-12-14,,,88175.1796875,
2025-12-15,6816.509765625,23057.41015625,86419.78125,162482.0
2025-12-16,6800.259765625,23111.4609375,87843.984375,158578.0
2025-12-17,6721.43017578125,22693.3203125,86143.7578125,157327.0
2025-12-18,6774.759765625,23006.359375,85462.5078125,157923.0
2025-12-19,6834.5,23307.619140625,88103.3828125,158473.0
2025-12-20,,,88344.0,
2025-12-21,,,88621.75,
2025-12-22,6878.490234375,23428.830078125,88490.015625,158142.0
2025-12-23,6909.7900390625,23561.83984375,87414.0,160456.0
2025-12-24,6932.0498046875,23613.310546875,87611.9609375,
2025-12-25,,,87234.7421875,
2025-12-26,6929.93994140625,23593.099609375,87301.4296875,160897.0
2025-12-27,,,87802.15625,
2025-12-28,,,87835.8359375,
2025-12-29,6905.740234375,23474.349609375,87138.140625,160490.0
2025-12-30,6896.240234375,23419.080078125,88430.1328125,161125.0
2025-12-31,6845.5,23241.990234375,87508.828125,
2026-01-01,,,88731.984375,
2026-01-02,6858.47021484375,23235.630859375,89944.6953125,160539.0
2026-01-03,,,90603.1875,
2026-01-04,,,91413.4921875,
2026-01-05,6902.0498046875,23395.8203125,93882.5546875,161870.0
2026-01-06,6944.81982421875,23547.169921875,93729.03125,163664.0
2026-01-07,6920.93017578125,23584.279296875,91308.0546875,161975.0
2026-01-08,6921.4599609375,23480.01953125,91027.125,162937.0
2026-01-09,6966.27978515625,23671.349609375,90513.1015625,163370.0
2026-01-10,,,90386.6484375,
2026-01-11,,,90827.4609375,
2026-01-12,6977.27001953125,23733.900390625,91192.9921875,163150.0
2026-01-13,6963.740234375,23709.869140625,95321.78125,161973.0
2026-01-14,6926.60009765625,23471.75,96929.328125,165146.0
2026-01-15,6944.47021484375,23530.01953125,95551.1875,165568.0
2026-01-16,6940.009765625,23515.390625,95525.1171875,164800.0
2026-01-17,,,95099.921875,
2026-01-18,,,93634.4296875,
2026-01-19,,,92553.59375,164849.0
2026-01-20,6796.85986328125,22954.3203125,88310.90625,166277.0
2026-01-21,6875.6201171875,23224.8203125,89376.9609375,171817.0
2026-01-22,6913.35009765625,23436.01953125,89462.453125,175589.0
2026-01-23,6915.60986328125,23501.240234375,89503.875,178859.0
2026-01-24,,,89110.734375,
2026-01-25,,,86572.21875,
2026-01-26,6950.22998046875,23601.359375,88267.140625,178721.0
2026-01-27,6978.60009765625,23817.099609375,89102.5703125,181919.0
2026-01-28,6978.02978515625,23857.44921875,89184.5703125,184691.0
2026-01-29,6969.009765625,23685.119140625,84561.5859375,183134.0
2026-01-30,6939.02978515625,23461.8203125,84128.65625,181364.0
2026-01-31,,,78621.1171875,
2026-02-01,,,76974.4453125,
2026-02-02,6976.43994140625,23592.109375,78688.765625,182793.0
2026-02-03,6917.81005859375,23255.189453125,75633.546875,185674.0
2026-02-04,6882.72021484375,22904.580078125,73019.703125,181708.0
2026-02-05,6798.39990234375,22540.58984375,62702.09765625,182127.0
2026-02-06,6932.2998046875,23031.2109375,70555.390625,182950.0
2026-02-07,,,69281.96875,
2026-02-08,,,70264.7265625,
2026-02-09,6964.81982421875,23238.669921875,70120.78125,186241.0
2026-02-10,6941.81005859375,23102.470703125,68793.9609375,185929.0
2026-02-11,6941.47021484375,23066.470703125,66991.96875,189699.0
2026-02-12,6832.759765625,22597.150390625,66221.84375,187766.0
2026-02-13,6836.169921875,22546.669921875,68857.84375,186464.0
2026-02-14,,,69767.625,
2026-02-15,,,68788.1875,
2026-02-16,,,68843.15625,
2026-02-17,6843.22021484375,22578.380859375,67494.21875,
2026-02-18,6881.31005859375,22753.630859375,66425.3203125,186016.0
2026-02-19,6861.89013671875,22682.73046875,66957.5234375,188534.0
2026-02-20,6909.509765625,22886.0703125,68005.421875,190534.0
2026-02-21,,,68003.765625,
2026-02-22,,,67659.390625,
2026-02-23,6837.75,22627.26953125,64616.73828125,188854.0
2026-02-24,6890.06982421875,22863.6796875,64080.04296875,191490.0
2026-02-25,6946.1298828125,23152.080078125,67960.125,191248.0
2026-02-26,6908.85986328125,22878.380859375,67453.7734375,191005.0
2026-02-27,6878.8798828125,22668.2109375,65881.796875,188787.0
2026-02-28,,,66995.859375,
2026-03-01,,,65738.1015625,
2026-03-02,6881.6201171875,22748.859375,68775.8515625,189307.0
2026-03-03,6816.6298828125,22516.689453125,68293.6484375,183105.0
2026-03-04,6869.5,22807.48046875,72710.578125,185366.0
2026-03-05,6830.7099609375,22748.990234375,70841.125,180464.0
2026-03-06,6740.02001953125,22387.6796875,68136.4921875,179365.0
2026-03-07,,,67272.59375,
2026-03-08,,,65969.78125,
2026-03-09,6795.990234375,22695.94921875,68402.3828125,180915.0
2026-03-10,6781.47998046875,22697.099609375,69926.921875,183447.0
2026-03-11,6775.7998046875,22716.130859375,70204.8828125,183969.0
2026-03-12,6672.6201171875,22311.98046875,70493.4609375,179285.0
2026-03-13,6632.18994140625,22105.359375,70968.265625,177653.0
2026-03-14,,,71214.625,
2026-03-15,,,72789.9140625,
2026-03-16,6699.3798828125,22374.1796875,74861.0859375,179875.0
2026-03-17,6716.08984375,22479.529296875,73922.4765625,180410.0
2026-03-18,6624.7001953125,22152.419921875,71245.578125,179640.0
2026-03-19,6606.490234375,22090.689453125,69912.7890625,180271.0
2026-03-20,6506.47998046875,21647.609375,70522.5859375,176219.0
2026-03-21,,,68711.5234375,
2026-03-22,,,67845.2109375,
2026-03-23,6581.0,21946.759765625,70914.859375,181932.0
2026-03-24,6556.3701171875,21761.890625,70517.859375,182509.0
2026-03-25,6591.89990234375,21929.8203125,71309.8828125,185424.0
2026-03-26,6477.16015625,21408.080078125,68791.625,182733.0
2026-03-27,6368.85009765625,20948.359375,66338.375,181557.0
2026-03-28,,,66319.6953125,
2026-03-29,,,65954.921875,
2026-03-30,6343.72021484375,20794.640625,66691.4453125,182514.0
2026-03-31,6528.52001953125,21590.630859375,68233.3125,187462.0
2026-04-01,6575.31982421875,21840.94921875,68078.5546875,187953.0
2026-04-02,6582.68994140625,21879.1796875,66888.5703125,188052.0
2026-04-03,,,66931.1015625,
2026-04-04,,,67290.515625,
2026-04-05,,,68981.8984375,
2026-04-06,6611.830078125,21996.33984375,68859.828125,188162.0
2026-04-07,6616.85009765625,22017.849609375,71940.703125,188259.0
2026-04-08,6782.81005859375,22634.990234375,71123.359375,192201.0
2026-04-09,6824.66015625,22822.419921875,71767.828125,195129.0
2026-04-10,6816.89013671875,22902.890625,72979.046875,197324.0
2026-04-11,,,73054.2734375,
2026-04-12,,,70753.40625,
2026-04-13,6886.240234375,23183.740234375,74484.640625,198001.0
2026-04-14,6967.3798828125,23639.080078125,74181.609375,198657.0
2026-04-15,7022.9501953125,24016.01953125,74805.078125,197738.0
2026-04-16,7041.27978515625,24102.69921875,75152.1328125,196819.0
2026-04-17,7126.06005859375,24468.48046875,77126.875,195734.0
2026-04-18,,,75726.2109375,
2026-04-19,,,73856.3515625,
2026-04-20,7109.14013671875,24404.390625,75872.5234375,196132.0
2026-04-21,7064.009765625,24259.9609375,76352.7734375,
2026-04-22,7137.89990234375,24657.5703125,78203.1015625,192889.0
2026-04-23,7108.39990234375,24438.5,78268.953125,191378.0
2026-04-24,7165.080078125,24836.599609375,77455.3125,190745.0
2026-04-25,,,77612.015625,
2026-04-26,,,78657.5390625,
2026-04-27,7173.91015625,24887.099609375,77366.625,189579.0
2026-04-28,7138.7998046875,24663.80078125,76350.671875,188619.0
2026-04-29,7135.9501953125,24673.240234375,75776.1328125,184750.0
2026-04-30,7209.009765625,24892.310546875,76304.3203125,187318.0
2026-05-01,7230.1201171875,25114.439453125,78179.0,
2026-05-02,,,78657.25,
2026-05-03,,,78538.2265625,
2026-05-04,7200.75,25067.80078125,79827.90625,185600.0
2026-05-05,7259.22021484375,25326.130859375,80927.0546875,186754.0
2026-05-06,7365.1201171875,25838.939453125,81427.53125,187691.0
2026-05-07,7337.10986328125,25806.19921875,80009.9921875,183218.0
2026-05-08,7398.93017578125,26247.080078125,80186.765625,184108.0
2026-05-09,,,80664.3671875,
2026-05-10,,,82138.9296875,
2026-05-11,7412.83984375,26274.130859375,81728.296875,181909.0
2026-05-12,7400.9599609375,26088.19921875,80477.4921875,180342.0
2026-05-13,7444.25,26402.33984375,79277.1171875,177098.0
2026-05-14,7501.240234375,26635.220703125,81051.25,178366.0
2026-05-15,7408.5,26225.140625,79065.6796875,177284.0
2026-05-16,,,78131.4375,
2026-05-17,,,77429.3515625,
2026-05-18,7403.0498046875,26090.73046875,76954.171875,176976.0
2026-05-19,7353.60986328125,25870.7109375,76750.90625,174279.0
2026-05-20,7432.97021484375,26270.359375,77457.7734375,177356.0
2026-05-21,7445.72021484375,26293.099609375,77539.171875,177650.0
2026-05-22,7473.47021484375,26343.970703125,75488.2421875,176210.0
2026-05-23,,,76673.3671875,
2026-05-24,,,76981.125,
2026-05-25,,,77279.9296875,177359.0
2026-05-26,7519.1201171875,26656.1796875,75825.734375,176589.0
2026-05-27,7520.35986328125,26674.73046875,74344.703125,175744.0
2026-05-28,7563.6298828125,26917.470703125,73536.5546875,175063.0
2026-05-29,7580.06005859375,26972.619140625,73372.5234375,173788.0
2026-05-30,,,73754.8359375,
2026-05-31,,,73579.6875,
2026-06-01,7599.9599609375,27086.810546875,71319.7734375,172198.0
2026-06-02,7609.77978515625,27093.900390625,66703.65625,174198.0
2026-06-03,7553.68017578125,26853.98046875,64014.3671875,170331.0
2026-06-04,7584.31005859375,26830.9609375,63801.57421875,
2026-06-05,7383.740234375,25709.4296875,60922.66796875,169019.0
2026-06-06,,,60867.4140625,
2026-06-07,,,63239.51953125,
2026-06-08,7405.72998046875,25929.66015625,63090.58984375,168669.0
2026-06-09,7386.64990234375,25678.8203125,61643.78125,169813.0
2026-06-10,7266.990234375,25169.5,61449.2890625,168619.0
2026-06-11,7394.2998046875,25809.66015625,63561.0546875,171497.0
2026-06-12,7431.4599609375,25888.83984375,63543.19921875,171133.0
2026-06-13,,,64421.32421875,
2026-06-14,,,65710.3984375,
2026-06-15,7554.2900390625,26683.939453125,66289.5,170415.0
2026-06-16,7511.35009765625,26376.33984375,65600.640625,169649.0
2026-06-17,7420.10009765625,26021.66015625,64418.4453125,168454.0
2026-06-18,7500.580078125,26517.9296875,62896.47265625,168278.0
2026-06-19,,,63540.8359375,168576.0
2026-06-20,,,64239.67578125,
2026-06-21,,,63237.5390625,
2026-06-22,7472.7900390625,26166.599609375,63952.10546875,170370.0
2026-06-23,7365.4599609375,25587.0390625,62668.01953125,171259.0
2026-06-24,7358.22021484375,25476.640625,60995.1328125,170507.0
2026-06-25,7357.490234375,25358.599609375,59721.67578125,171990.0
2026-06-26,7354.02001953125,25297.619140625,60016.4296875,173295.0
2026-06-27,,,59940.09765625,
2026-06-28,,,59532.33984375,
2026-06-29,7440.43017578125,25820.140625,60138.37890625,173205.0
2026-06-30,7499.35986328125,26213.720703125,58558.859375,172024.0
2026-07-01,7483.22998046875,26040.029296875,60003.7578125,171689.0
2026-07-02,7483.240234375,25832.669921875,61485.30078125,172788.0
2026-07-03,,,62544.19921875,174266.0
2026-07-04,,,63088.3046875,
2026-07-05,,,63547.8828125,
2026-07-06,7537.43017578125,26121.16015625,63995.015625,172448.0
2026-07-07,7503.85009765625,25818.689453125,63297.39453125,172021.0
2026-07-08,7482.7099609375,25870.650390625,62257.57421875,170654.0
2026-07-09,7543.64013671875,26206.890625,63193.1484375,172742.0
2026-07-10,7575.39013671875,26281.609375,64127.140625,177866.0
2026-07-11,,,63802.02734375,
2026-07-12,,,63758.21875,
2026-07-13,7515.33984375,25873.1796875,62239.12109375,175739.0
2026-07-14,7543.58984375,26107.009765625,64956.11328125,176641.0
2026-07-15,7572.39990234375,26269.23046875,64712.375,176011.0
2026-07-16,7533.77001953125,25881.94921875,63789.28125,173825.0
2026-07-17,7457.68994140625,25520.240234375,63899.4609375,173714.0
2026-07-18,,,64796.6015625,
2026-07-19,,,64690.8046875,
2026-07-20,7443.27978515625,25508.0703125,65230.02734375,173371.0
2026-07-21,7509.2001953125,25837.2109375,66505.125,173326.0
2026-07-22,7498.9599609375,25690.900390625,66100.796875,177548.0
2026-07-23,7408.2998046875,25137.689453125,65044.8125,176724.0
2026-07-24,7411.97998046875,24975.8203125,64098.49609375,174042.0
2026-07-25,,,64311.8125,
2026-07-26,,,65340.30078125,
2026-07-27,7413.18017578125,24932.080078125,63724.8984375,175335.0
2026-07-28,7428.77978515625,24876.91015625,63871.36328125,176565.0
2026-07-29,7316.14990234375,24442.939453125,63908.16796875,173885.0
2026-07-30,7437.6298828125,25122.1796875,64725.30859375,177159.0
2026-07-31,7489.72021484375,25373.849609375,62813.74609375,177999.0
2026-08-01,,,62763.3203125,
2026-08-02,,,63482.0,
2026-08-03,7600.5,25913.900390625,63460.8984375,178000.0
2026-08-04,7736.52001953125,26584.990234375,64055.953125,177895.0
2026-08-05,7723.5498046875,26363.439453125,64597.5,177726.0
2026-08-06,7709.9599609375,26348.349609375,64262.11328125,175546.0
2026-08-07,7757.64013671875,26690.619140625,64880.19140625,172513.0
2026-08-08,,,64904.6875,
2026-08-09,,,64844.88671875,
2026-08-10,7753.10986328125,26605.357421875,,172179.9375
